danceability,energy,loudness,tempo,valence,acousticness,cluster,id
0.796,0.865,-6.76,130.012,0.768,0.179,4,5qQLBOEAelSN7JWqX3RIIv
0.776,0.714,-5.705,161.015,0.433,0.0283,2,4rSmXn2TIKt6iBeBDM4uOs
0.96,0.67,-7.035,133.966,0.8,0.0598,11,6R5iuYqG0HsnC41RT3lzqX
0.752,0.571,-6.422,169.155,0.492,0.0723,2,6FGPpwHlUBnl0TLGKyN4Nl
0.774,0.7,-7.334,81.99,0.624,0.163,19,3ilgxZl5g7MOQCUiky3VOG
0.815,0.666,-7.087,119.964,0.533,0.0987,19,0qo8YDKpPXlUQqp0vesiln
0.91,0.712,-7.934,115.023,0.399,0.0248,19,0fvt4b25fFbUPMdmj52PUB
0.819,0.538,-6.811,125.026,0.542,0.141,2,5jGcOhXpPE07vrSe23198B
0.74,0.469,-9.876,141.998,0.657,0.64,7,5DD9Y2IEZAvkUMpnVqg4gm
0.779,0.463,-8.505,94.909,0.688,0.0137,19,1TcPzAOy7RjHtLVV2uJgo5
0.878,0.567,-7.132,155.874,0.602,0.0177,11,1F1I723SHQdXwyekuEvVvc
0.753,0.595,-7.718,95.988,0.533,0.203,19,3ThmZJ7LQ3C20FpxU5kXJB
0.862,0.729,-6.383,121.991,0.741,0.14,11,6HEto05GbTMwdbE68M3kXU
0.8,0.761,-4.608,97.037,0.704,0.124,19,0QHtFTFvw7wYIqJUlFaLRQ
0.804,0.639,-7.951,92.011,0.526,0.344,19,4qXCzGbyq8OlFIGfcQF17O
0.823,0.567,-9.571,136.006,0.545,0.123,2,001TLpmtuQMWJYyE7q9ayM
0.8,0.636,-9.242,86.019,0.527,0.0275,19,3gro2tfkybWGoK9MflVLWs
0.499,0.574,-5.67,77.034,0.451,0.308,0,6wm7nuIQTOjviSpkk22F87
0.622,0.715,-6.363,147.106,0.306,0.0502,3,3wlFVKpDLDADlWXTNl9gGN
0.819,0.521,-7.045,121.0,0.599,0.111,19,0N9RX5PKyLlOKklH5bYtNH
0.893,0.657,-8.388,109.978,0.417,0.0643,19,5TfBut13yg4mQ1HFfHIOt5
0.828,0.785,-5.719,145.044,0.575,0.275,2,2AQjQLPLY5EZ667L2Z9M0D
0.643,0.602,-6.211,120.875,0.356,0.25,0,2DynufiRAu0Nyn5TM1Cdpx
0.84,0.707,-7.137,139.981,0.708,0.0468,11,6tJxEvSIBU46PrbcK5TDnM
0.87,0.626,-8.621,125.024,0.812,0.00852,11,4Ww41FseIYOCL0qP6MIGG5
0.828,0.438,-12.101,107.089,0.619,0.0794,19,7Mn6Tisa1wVvYusahnvjE5
0.92,0.443,-9.178,100.012,0.477,0.00746,19,3J3hOsR7G49Wz9abNiaCDi
0.592,0.571,-9.132,96.764,0.6,0.1,0,78ZmN4UVnpEedKiGqyzzDd
0.734,0.585,-9.24,119.969,0.323,0.147,2,2Li8V6Mg4O50vCODrVK8Pj
0.71,0.383,-16.201,143.103,0.406,0.245,2,7jmSuVVemJ0ixY1Xcd3F3t
0.682,0.776,-3.971,91.484,0.714,0.0573,14,5rmYK9fuGCudePoqMlZeA3
0.712,0.715,-7.553,92.563,0.588,0.0391,19,5cHPMo64nOHGBORMiHRAHk
0.838,0.664,-8.195,104.952,0.566,0.48,19,5XPaWP5DuWbNuFg93khv60
0.706,0.505,-8.242,132.58,0.227,0.299,3,0oa3yysoeOsHiB0PBRHzG8
0.795,0.732,-6.772,145.044,0.536,0.152,2,7H3DGTl4bKZAwxyhE5AflC
0.879,0.805,-5.432,107.002,0.644,0.043,19,1Sne2aMf2LwLlL5oAXZfuV
0.739,0.668,-7.237,114.045,0.579,0.0262,19,0ya0fBUHF1TKookyKM5ZVQ
0.755,0.642,-6.009,141.893,0.322,0.0141,2,2cEklOsQ4yr4SgtXZtHwvN
0.816,0.668,-8.387,112.99,0.496,0.0105,19,5InAC9tRIs45iRXF2ypQ4N
0.743,0.606,-8.774,93.123,0.292,0.0861,0,2LCoh1sop5AYzRBVDHFoiK
0.849,0.61,-7.937,120.961,0.286,0.231,2,6rcz59uAJ37rbEGJza8Is8
0.649,0.843,-6.745,142.001,0.33,0.25,3,565OBXlZlMmtddb3I2yxBn
0.563,0.577,-7.949,135.225,0.254,0.171,3,6susW8spInEVk0vKE33aWd
0.866,0.626,-8.973,112.011,0.619,0.214,19,69meqvAcXTln8Ji6kgNton
0.666,0.73,-4.585,159.92,0.498,0.224,10,3T33so3escAbwbrgcIqyRa
0.852,0.579,-8.543,154.979,0.462,0.0317,2,5d7ZYW6NZjnyI35OpT12Md
0.781,0.574,-7.377,100.042,0.54,0.414,19,5LeiVdGtVjwRocR3TDQvcN
0.601,0.769,-5.504,86.891,0.527,0.0796,0,4evyMjgTKhrBfggfxFRAKr
0.693,0.539,-8.403,108.684,0.352,0.0183,0,7BMPje6rIOqK8z5l7x2s3P
0.836,0.654,-5.936,121.015,0.357,0.026,2,2xIbcO8pxT3ztEXiWkhmhc
0.611,0.757,-3.546,126.963,0.279,0.00257,3,3bK1zVFBKIzYjmptmI4NsJ
0.621,0.86,-3.707,125.828,0.374,0.0139,14,2OgXqA5XJcrc5duK7nF3qd
0.451,0.907,-5.342,170.152,0.211,0.000813,15,2SqCxbiL0ClhKZgIQxAgK0
0.719,0.89,-2.621,94.971,0.564,0.0139,14,3Me5bYXeDXqjBVgug53Ula
0.835,0.658,-7.949,155.017,0.399,0.259,2,07nfBlhn6ZlIkPXSXb8SXJ
0.621,0.941,-5.827,152.004,0.229,0.00788,3,2MH5KK60I00JOPigNOt4v8
0.6,0.886,-2.469,149.994,0.67,0.195,10,4BvBTmceA5V1pDuaC3RabS
0.657,0.914,-4.513,139.989,0.502,0.0526,14,1CcLA0eaauck34YEIrvAAq
0.803,0.857,-7.028,75.163,0.347,0.284,0,5jPFtwxkrKbpsqFgVE1czX
0.699,0.988,-2.645,125.991,0.192,0.00985,9,4KB66xUZWvRDej628vf2J8
0.544,0.946,-3.549,127.968,0.429,0.00946,14,1D53ZjgCcPlFYEryfd0c8r
0.643,0.954,-3.697,154.994,0.406,0.0513,10,3iYSfoMdxYzNHoZNWjMvNC
0.607,0.89,-5.856,137.963,0.352,0.00945,3,4z6ygaxvCR8osXCgT2IZa7
0.728,0.712,-5.598,160.041,0.538,0.232,2,0vwueCPNGUYtAgKWDwqONC
0.625,0.942,-5.739,150.001,0.459,0.193,10,7zyvQ8sb72g4RuwBpcuGUP
0.706,0.975,-5.58,154.993,0.319,0.0505,10,7F7N0yugLFgKXoEACgtzD8
0.551,0.944,-3.92,149.955,0.766,0.00317,10,1M2NNUv8UV5smjMVGyTrmz
0.551,0.883,-6.334,169.987,0.606,0.00841,10,0djjZQPlvpOPNgnWTMVvli
0.559,0.965,-5.022,74.946,0.232,0.00519,9,21deaXqPzYtLunigUjpZuB
0.482,0.915,-3.741,160.03,0.283,0.0008,15,4rTA5hrkv233BWoASSKt3T
0.582,0.942,-8.689,134.917,0.411,0.0186,10,0iFxSf5RjiybnVSjofFEBg
0.51,0.691,-5.199,129.836,0.376,0.0304,3,5hT3U17QZiP74YN9xF32JG
0.697,0.954,-1.955,122.062,0.541,0.157,14,4r9kj0CqH7RCp6Oxx56SvN
0.436,0.989,-2.432,132.036,0.537,0.091,10,42jqtDBoV2YGTRbFI02p6H
0.554,0.968,-4.178,74.465,0.415,0.0326,9,17NHXI2CJp7KgdcwcDnRx4
0.602,0.766,-3.942,87.042,0.444,0.000113,0,2N8gR2yftrHbZR53U5kYnX
0.677,0.912,-7.079,144.006,0.192,0.00423,3,51w0BMC24JALh8uzwRzjMB
0.649,0.901,-2.532,127.986,0.26,0.0183,9,6f08saOLZyQr0ulFKUzFeL
0.67,0.735,-6.424,169.914,0.649,0.212,10,3Ipu6e4dwxdt8lmSI27ZFx
0.634,0.824,-3.394,137.959,0.371,0.0908,10,31nfdEooLEq7dn3UMcIeB5
0.735,0.681,-6.421,143.054,0.302,0.0512,2,7v9PgkhtIlivxuFXO1Dl1V
0.831,0.823,-4.524,144.905,0.725,0.0433,4,5Idil10mcvgdD2CHbRR2sF
0.629,0.957,-4.353,130.077,0.478,0.0441,14,65Iiyhh7rD0vq0bmCPz2YK
0.53,0.885,-5.019,159.913,0.326,0.0189,10,4WxXlPyF3VcfdkucISvrh0
0.596,0.667,-5.651,140.002,0.217,0.0524,3,0OvO2X2Q3i98dc5RcgEN3x
0.737,0.796,-6.04,126.023,0.227,0.00716,3,2OiDl6bWeHjHBXC97Uzuby
0.638,0.717,-5.804,141.904,0.422,0.001,3,59NraMJsLaMCVtwXTSia8i
0.625,0.972,-5.382,159.989,0.282,0.00679,10,7F7G8FuCtggmPvs51E9fmN
0.551,0.968,-5.673,129.004,0.213,0.000701,3,4J4Fk7x2y8jQBxm332n0oY
0.816,0.934,-4.042,132.02,0.527,0.00228,14,5I8YyKG5iIdOiuTFnX9YVC
0.602,0.823,-5.392,126.034,0.518,0.0119,14,09rcsC6M15EZPbCVmrqUYK
0.617,0.883,-6.312,140.012,0.102,0.00108,3,6eoY6XnhGFr3HInyECJdbx
0.464,0.867,-7.38,75.026,0.281,0.00907,0,1lzIk2EDN5d1gIbxfmu2oF
0.581,0.64,-8.133,149.91,0.317,0.0608,3,3NO0uDaqtPzSSU9GAj39hC
0.591,0.921,-5.572,140.063,0.436,0.00261,10,3aNxfCcd9EohIxKmcQv1zn
0.682,0.973,-5.123,149.997,0.352,0.0828,10,6pPJAAEMeczRyC74w6ltBS
0.69,0.84,-6.947,129.935,0.493,0.0268,14,2grS8y9w2vVp7sDJ3RnSx9
0.668,0.947,-3.346,136.044,0.449,0.0656,14,2fP9aII1LkmZZmzdAiuNVz
0.454,0.881,-3.61,165.127,0.492,0.0267,10,63yVtv3jDnjMa89SD7uYj2
0.567,0.699,-5.817,132.001,0.296,0.262,3,6d0T2bz3qCRTtG126QFkp3
0.465,0.7,-5.163,120.854,0.276,0.203,3,5Se32hEA9raeboZerywxka
0.943,0.558,-4.911,104.983,0.606,0.0026,19,4xhsWYTOGcal8zt0J161CU
0.746,0.549,-7.459,164.928,0.491,0.00412,2,5gzEL5O1ubbtIHUhLkSMTz
0.738,0.776,-4.884,175.912,0.456,0.0202,10,5FDc4ljIWyW8wClzt54dhs
0.47,0.64,-7.779,163.92,0.248,0.0277,3,7aqfrAY2p9BUSiupwk3svU
0.731,0.667,-7.928,123.042,0.485,0.134,2,1xWkeSPhf3bZqHY7Ncz8vp
0.773,0.635,-5.06,121.879,0.476,0.0585,2,2Gk6fi0dqt91NKvlzGsmm7
0.836,0.409,-14.189,101.931,0.233,0.258,19,6iiCzEd1ULpq7nXbZVQ4pi
0.927,0.619,-4.441,117.995,0.817,0.0186,11,6wsqVwoiVH2kde4k4KKAFU
0.909,0.564,-7.483,146.94,0.548,0.0107,2,0zbGWzQkLY5wn4xyiLYEi0
0.736,0.645,-5.195,132.024,0.201,0.0724,3,4367dXCt02KMgELPisJ2D4
0.877,0.229,-15.385,134.991,0.336,0.0981,2,7idI4LLo9LVLqrvvzhSj3n
0.842,0.857,-4.521,136.956,0.54,0.269,2,2jmdxJ60YfV3fVemuLz7pD
0.525,0.552,-6.575,144.382,0.148,0.0332,3,0oqnZWNBvobs1t181f45Ck
0.663,0.67,-8.399,136.952,0.138,0.0464,3,2YSzYUF3jWqb9YP9VXmpjE
0.93,0.682,-8.799,126.003,0.962,0.028,11,1nQaTUDJ7Rc4yOvZmg9Ozr
0.805,0.63,-6.467,129.232,0.567,0.225,2,35gu7pEQ2gOLUvskspCD3Y
0.825,0.497,-11.278,171.95,0.536,0.0286,2,24zmKlJp1LlIRpagSbMaRY
0.868,0.538,-8.603,99.968,0.732,0.269,19,2IGMVunIBsBLtEQyoI1Mu7
0.458,0.535,-4.854,82.826,0.216,0.575,12,1i9lZvlaDdWDPyXEE95aiq
0.67,0.555,-9.12,156.937,0.16,0.0382,3,4M68xjcc42oxyphhzpOWXS
0.831,0.793,-4.127,144.967,0.833,0.0195,4,3ScMs95OaNlkrZuRe7gyYa
0.862,0.621,-7.423,124.081,0.239,0.379,2,6ulEymrJ2Azx1uo3YHSE5w
0.886,0.558,-7.806,75.499,0.614,0.00789,19,6N7TGPYfGP2oxiy9Cpaz9G
0.847,0.622,-6.747,130.001,0.22,0.119,2,4rXLjWdF2ZZpXCVTfWcshS
0.544,0.496,-12.032,103.148,0.314,0.13,0,3kfhS2L56Wj8fBcu7xE47H
0.94,0.652,-5.806,95.976,0.712,0.00226,19,53QRPT9Z42ALxGL1YGT9x1
0.677,0.658,-6.223,189.976,0.164,0.0538,3,6Qc90FMwNUjJ2M893RdYUg
0.816,0.649,-5.12,138.056,0.686,0.709,7,3Kh8X9lHztqVBTgw30HbXn
0.869,0.557,-7.112,124.927,0.629,0.577,7,7LTCmtMpf3JPfBE8gAl64z
0.593,0.724,-7.162,81.308,0.58,0.0896,0,3DFkDKoILOZ3an5oJzKDNZ
0.558,0.657,-4.853,91.306,0.5,0.132,0,2hkcNrUwTVwKqjfUO1Kx3d
0.915,0.618,-8.581,140.964,0.154,0.0137,2,7GkZ2cx7i74zu1piQy3i6T
0.665,0.688,-6.024,167.056,0.272,0.0123,3,1WzuY075zswuk0pgMNrqCT
0.825,0.714,-4.645,128.026,0.292,0.0615,2,3KSfYydFjoi6TjH2lyIhI9
0.739,0.536,-10.843,82.549,0.64,0.231,19,7icwQvajsokotDfM3tefW6
0.822,0.64,-10.131,142.106,0.611,0.119,11,5ia8VbDkfzWBjC6f3bOTt1
0.557,0.774,-5.275,111.975,0.397,0.012,0,67nepsnrcZkowTxMWigSbb
0.646,0.758,-5.673,73.318,0.407,0.531,0,4EKfEZ89t2DzU41RbsyFC6
0.676,0.844,-4.831,163.992,0.424,0.271,10,166lmjn9xjWj1AEdGX8PYh
0.908,0.561,-7.683,146.018,0.559,0.00933,2,1BmI4EYdfzbg8DlV6pHYrY
0.621,0.462,-6.268,89.23,0.267,0.472,0,39fKVWP7D9qAmkM8qjRQoC
0.726,0.738,-4.788,121.953,0.896,0.0791,4,4YQImHflXSiIMXntcwPkx8
0.707,0.645,-5.395,150.014,0.524,0.00654,2,4hrd3G5XnJzDC5LZw0Fwgu
0.831,0.439,-7.892,105.104,0.353,0.199,19,3MbOT5mzE94Ne0Hv51akoS
0.691,0.721,-8.854,150.17,0.508,0.00866,2,7BVXZByQjfmtEWt9AhjlwL
0.644,0.811,-4.175,141.989,0.489,0.0731,10,3dw4v5lOsKRqIX3c1bouJW
0.538,0.669,-4.97,141.659,0.0389,0.00437,3,2c7sRekhMGlj7u1WIIzoQu
0.638,0.651,-6.585,157.963,0.114,0.0216,3,7KeM63RotkWiGnHKkboz4t
0.8,0.729,-4.492,154.084,0.526,0.0577,2,1fo2w2ikXyQjnmH1AVVyJ8
0.75,0.733,-3.18,111.018,0.844,0.256,4,3rUGC1vUpkDG9CZFHMur1t
0.943,0.558,-4.911,104.983,0.606,0.0026,19,4xhsWYTOGcal8zt0J161CU
0.739,0.749,-3.318,117.03,0.505,0.12,14,4CljUDO1I5hpKjwSNK6RWY
0.744,0.789,-4.876,116.985,0.866,0.0036,4,4OMJGnvZfDvsePyCwRGO7X
0.75,0.674,-6.128,123.026,0.392,0.228,2,7dJYggqjKo71KI9sLzqCs8
0.628,0.523,-8.307,169.982,0.416,0.701,16,5mjYQaktjmjcMKcUIcqz4s
0.596,0.658,-7.346,100.012,0.176,0.0504,0,1Iq8oo9XkmmvCQiGOfORiz
0.559,0.551,-7.231,143.008,0.392,0.141,3,4iZ4pt7kvcaH6Yo8UoZ4s2
0.711,0.809,-4.389,106.017,0.816,0.0447,4,2KslE17cAJNHTsI2MI0jb2
0.787,0.621,-5.009,139.056,0.13,0.15,3,4MjDJD8cW7iVeWInc2Bdyj
0.504,0.308,-14.958,113.95,0.121,0.868,13,3vkCueOmm7xQDoJ17W1Pm3
0.868,0.538,-8.603,99.968,0.732,0.269,19,2IGMVunIBsBLtEQyoI1Mu7
0.838,0.569,-6.324,136.965,0.551,0.152,2,0HD8mbiPjp3o94X3EaZp0o
0.511,0.532,-5.745,138.005,0.35,0.177,3,1kuGVB7EU95pJObxwvfwKS
0.429,0.453,-7.746,77.639,0.155,0.554,12,4KULAymBBJcPRpk1yO4dOG
0.855,0.678,-6.276,99.029,0.852,0.0569,19,6WzRpISELf3YglGAh7TXcG
0.537,0.421,-8.72,98.224,0.524,0.827,5,2HafqoJbgXdtjwCOvNEF14
0.47,0.64,-7.779,163.92,0.248,0.0277,3,7aqfrAY2p9BUSiupwk3svU
0.927,0.619,-4.441,117.995,0.817,0.0186,11,6wsqVwoiVH2kde4k4KKAFU
0.671,0.845,-4.93,110.056,0.775,0.0207,14,1vYXt7VSjH9JIM5oRRo7vA
0.801,0.806,-5.206,106.999,0.802,0.382,4,0WtM2NBVQNNJLh6scP13H8
0.552,0.702,-5.707,169.994,0.564,0.117,10,1BxfuPKGuaTgP7aM0Bbdwr
0.627,0.879,-3.446,129.979,0.748,0.00193,14,3IX0yuEVvDbnqUwMBB3ouC
0.802,0.832,-4.107,124.997,0.89,0.311,4,7x9aauaA9cu6tyfpHnqDLo
0.662,0.488,-6.894,117.913,0.817,0.782,7,0mflMxspEfB0VbI1kyLiAv
0.444,0.0911,-17.665,78.403,0.142,0.959,6,6wf7Yu7cxBSPrRlWeSeK0Q
0.561,0.604,-4.409,159.92,0.242,0.199,3,17phhZDn6oGtzMe56NuWvj
0.644,0.735,-5.747,88.98,0.418,0.0521,0,1Qrg8KqiBpW07V7PNxwwwL
0.847,0.622,-6.747,130.001,0.22,0.119,2,4rXLjWdF2ZZpXCVTfWcshS
0.498,0.897,-4.907,169.902,0.373,0.00136,10,5w40ZYhbBMAlHYNDaVJIUu
0.758,0.703,-5.979,94.985,0.465,0.252,19,0rKWJnmo6Q0ovoPOLoLm0t
0.629,0.654,-7.852,93.034,0.799,0.0878,19,5Eh1nj7IjV9lwpcKAkidyY
0.776,0.817,-6.018,149.921,0.515,0.18,2,5sdQOyqq2IDhvmx2lHOpwd
0.638,0.717,-5.804,141.904,0.422,0.001,3,59NraMJsLaMCVtwXTSia8i
0.508,0.43,-9.475,130.09,0.324,0.83,16,1odExI7RdWc4BT515LTAwj
0.522,0.641,-6.287,87.51,0.202,0.0545,0,7CyPwkp0oE8Ro9Dd5CUDjW
0.708,0.737,-4.045,91.986,0.607,0.0739,14,7ABLbnD53cQK00mhcaOUVG
0.52,0.731,-5.338,173.93,0.662,0.342,10,4Dvkj6JhhA12EX05fT7y2e
0.639,0.723,-6.462,136.872,0.878,0.511,4,2i2gDpKKWjvnRTOZRhaPh2
0.74,0.758,-5.851,171.925,0.757,0.061,11,73RbfOTJIjHzi2pcVHjeHM
0.77,0.58,-8.393,144.072,0.753,0.519,7,741UUVE2kuITl0c6zuqqbO
0.74,0.697,-4.912,138.992,0.732,0.0268,4,6dgUya35uo964z7GZXM07g
0.783,0.592,-8.332,120.018,0.726,0.435,7,739WUU1tPFLO4x4HJq561K
0.706,0.691,-4.775,118.048,0.632,0.0584,14,7DSAEUvxU8FajXtRloy8M0
0.671,0.876,-5.681,129.998,0.964,0.12,4,23RoR84KodL5HWvUTneQ1w
0.696,0.809,-8.254,132.962,0.857,0.252,4,6AQbmUe0Qwf5PZnt4HmTXv
0.787,0.573,-6.197,111.996,0.575,0.0147,19,6gcuJpHu0Ey30D5WR76y98
0.61,0.571,-5.649,105.01,0.747,0.00863,14,6iF4RgIjDvDqyW13PezSj3
0.49,0.352,-11.577,99.992,0.166,0.709,18,6GGtHZgBycCgGBUhZo81xe
0.916,0.583,-8.067,141.095,0.661,0.186,11,2FDTHlrBguDzQkp7PVj16Q
0.545,0.152,-17.995,90.869,0.075,0.91,1,0UC6CJgTFCikxLJZMNw8Xu
0.435,0.104,-22.39,120.484,0.162,0.973,1,5Qnrgqy1pAm9GyNQOgyVFz
0.44,0.04,-16.887,135.965,0.249,0.981,13,4IhTXiZLKATmwhMZIb1GQN
0.554,0.225,-11.324,104.007,0.221,0.892,18,0ElpbbncWT9aS7mgoqEHbQ
0.397,0.446,-7.032,178.05,0.214,0.49,8,0wrWxW18WK2MkrfDpRHkyh
0.379,0.29,-8.485,166.467,0.169,0.952,8,6k8kLJFmWkHaTbSLUhJ3H0
0.319,0.757,-6.117,122.465,0.101,0.016,3,5lRzWDEe7UuedU2QPsFg0K
0.862,0.314,-8.269,114.472,0.502,0.108,19,4Tzw9IdZbVyzmpWrvsGaNX
0.307,0.371,-8.498,115.241,0.189,0.923,12,2kfGoV9a5dbSKCNmUWH2ZF
0.706,0.46,-9.061,102.98,0.226,0.847,16,6iWEhoALoBFnQMNVhYY0Sc
0.581,0.38,-12.162,135.939,0.489,0.897,16,693xmBAOD4xwkS4W71W1Jn
0.581,0.163,-14.686,77.748,0.475,0.923,18,2ndWbjiiNBEOrlfToKlABE
0.49,0.104,-13.208,86.675,0.278,0.964,18,0fB77VOZ2FkQeKLv1DuEwp
0.424,0.437,-8.588,174.127,0.131,0.962,8,0jZO7p0nBUi9VHedWUBS9l
0.567,0.131,-14.124,104.784,0.0657,0.888,13,5xYpEeGFXmkGMBQ22NfKfO
0.319,0.294,-15.812,124.548,0.12,0.725,13,55Y5p2XyPaYBPGtzj1f9fE
0.698,0.633,-6.68,94.085,0.55,0.0508,19,6vTtCOimcPs5H1Jr9d0Aep
0.443,0.865,-4.547,110.008,0.474,0.00724,0,4Ai0ANRDYwx6mCD4Uty1WS
0.271,0.714,-5.124,94.158,0.239,0.392,12,5rfT032kGmLvbxZzfHlu5D
0.434,0.531,-9.553,131.199,0.641,0.781,5,1WBSFlSLyOZnSa8fj7a5yC
0.404,0.0182,-20.969,109.107,0.114,0.964,1,2QFyOnJfJ49OnNgMvKXvTM
0.521,0.0889,-19.457,115.428,0.0478,0.988,1,7nDXmx3FuyeX7FI7PFl2iX
0.63,0.423,-7.705,90.019,0.319,0.507,5,0z29wv0x2IXrpWxNgICET7
0.397,0.0666,-20.405,137.313,0.0389,0.963,1,1ZVbf755wkzFApNhrGNek3
0.616,0.0663,-12.73,148.041,0.18,0.985,16,6125RUljDZ9MKwAICmzttp
0.775,0.281,-10.216,139.949,0.0398,0.549,16,33BnSMHgX0AsbKSIbkuMwh
0.487,0.582,-8.938,104.003,0.271,0.715,12,3alP0rX4ErhOszTpx6sFN2
0.494,0.616,-5.828,88.394,0.39,0.47,0,22auw1DYQlYh5XgKv5FtNx
0.451,0.181,-14.357,89.726,0.257,0.917,18,7LU69DVvvm8SXa3f4R7qzH
0.607,0.399,-12.163,75.476,0.688,0.892,5,0EAvKXjChn1Rc3QmfYXevy
0.331,0.639,-9.07,84.545,0.428,0.253,12,2RAXAF7qjvn0FsRuMMTlBx
0.825,0.457,-9.366,129.994,0.85,0.738,7,74TVOIh9i0lO35JX4oui7X
0.481,0.279,-15.363,92.589,0.101,0.734,18,4Gc1SJ7eN65EcTvDMPcCzz
0.468,0.171,-12.965,135.655,0.156,0.993,13,0U9oiRl4hYwORmWwkYihZN
0.302,0.313,-14.266,152.25,0.512,0.879,17,7HdDZScUII7zKRQKqXKUrH
0.51,0.222,-17.092,153.734,0.36,0.987,17,0YRYs1HSkie0eZ02ON4euX
0.445,0.585,-7.785,124.662,0.212,0.018,3,5McQwoSnNSGyZlsikrFQDZ
0.387,0.254,-11.808,131.978,0.305,0.724,13,3P23teua73GJGmG8vKTv2Q
0.306,0.229,-18.818,106.844,0.039,0.992,1,2DmRw6o0JSOvznQe9UGuiD
0.836,0.513,-9.153,96.041,0.575,0.412,19,57RjBtEPLGPacFQRs4N9Ca
0.545,0.365,-8.97,150.125,0.233,0.136,3,3b9xmyHRcolDEoaECLJ3OF
0.497,0.879,-5.531,131.82,0.563,0.216,10,7iV2w73aB3oL7UWgEAWuiN
0.577,0.648,-8.259,113.082,0.109,0.414,0,5LT0mW0LPOF4dn0EGlMW3a
0.556,0.486,-7.899,79.866,0.403,0.594,5,2ItXZP9iAfOtoASybQIOJd
0.385,0.43,-10.558,150.846,0.202,0.583,8,2PvkmAPAOMYdRU5DDmFaxV
0.55,0.74,-8.83,122.277,0.522,0.172,14,6kREzaEnJBhSGeWxeQSe7H
0.686,0.47,-10.203,100.009,0.297,0.536,5,4fuFDRwSnpcU7xfeSrZHrr
0.463,0.419,-10.548,137.046,0.0968,0.499,8,6aR8J2wAdRLwbUtmWkqQuj
0.303,0.291,-13.205,135.056,0.148,0.849,13,1upEynw2Rpcp7IKvihjQW1
0.511,0.102,-13.674,106.382,0.0693,0.903,13,3ubMPPsS9YSPDnWNhtQdHF
0.662,0.987,-1.808,99.999,0.0479,0.00431,9,3CW9KBOZUPEcEpjGYE1xW5
0.533,0.966,-0.707,99.963,0.14,0.047,9,6ORIjEQQU6jIIGhCscs5y7
0.409,0.951,-2.123,187.997,0.104,0.00263,15,6dSWJAPcVBn8TPrKqla5LA
0.258,0.921,-3.912,157.797,0.193,0.117,15,5v5rbWpEf9toQLUmMo1JdW
0.518,0.939,-1.603,100.066,0.0723,0.00499,9,6GN7ZWNNqgVZl7t3dgH6ot
0.223,0.981,-0.885,189.586,0.133,0.00336,15,3aPsBE6I6l8eWZB3LN0AdG
0.685,0.754,-5.237,180.009,0.186,0.0622,3,1EBbJK4lkT2dpsgZoaioRD
0.598,0.988,1.147,104.952,0.129,0.142,9,4SGwV4zIwcdGYybJvAj2kz
0.544,0.98,-3.079,100.014,0.116,0.000122,9,0pTxkc8DLhLexqfATjm4Yu
0.541,0.931,-1.832,94.995,0.193,0.000825,9,4jF9Df8yhktHGaRV4UwQ8r
0.746,0.973,-1.268,95.011,0.671,0.00277,14,0kBjy2MP0fx0gqHfIDSy23
0.653,0.971,0.037,99.952,0.185,0.00726,9,4m8YFY4i24ndKnPxpbyNSh
0.399,0.975,-2.489,180.077,0.15,0.0575,15,7Hqzl4HDknxOZTUzWb9duw
0.648,0.938,-2.302,102.481,0.0388,0.00517,9,2xWUGV4FHZkSuB89667jrr
0.304,0.997,-1.444,199.977,0.0707,0.128,15,1uRTpjcx6qdbo9NPWosv8H
0.718,0.985,-0.155,160.045,0.357,0.017,10,647e5w5pkhyX0XTZHRJK4m
0.648,0.976,-0.514,95.141,0.141,0.0203,9,7mXYCi1wA8n8zBN0ud211g
0.71,0.941,-0.34,105.0,0.154,0.00433,9,4DKSnd7K0T9C7xnhIfeRnB
0.535,0.984,-0.281,181.955,0.445,0.0154,10,14IsD2FgLmBaGVsbCm1oIE
0.562,0.985,-1.851,159.99,0.483,0.0471,10,2MkEOJ1yZ1wBk1Sx022OTo
0.626,0.956,-2.299,94.962,0.28,0.02,9,4Tz5h4M9dEVTJPk1x2kImp
0.707,0.989,-1.307,99.987,0.272,0.126,9,4jp0Z4REkbEeGmSgTlf18C
0.572,0.974,-1.559,95.01,0.268,0.052,9,3aD91A4Lk9uGAcyk3fhYsW
0.514,0.949,-0.737,92.5,0.153,0.0104,9,2QXxOoPaqduErHktm3wmRu
0.535,0.969,-0.24,160.066,0.306,0.121,15,4KO7NEzBt47IkcV5MdgICy
0.498,0.954,-3.089,177.916,0.157,0.0569,15,3s3TQQciJdZ6ZlKJoZjdHp
0.468,0.972,-0.576,100.014,0.156,0.0181,9,1tuBppcw5aSqMNnGUmXcid
0.577,0.923,-2.1,99.981,0.0353,0.00594,9,0TYBkC9jZ5b8FPW7kn673t
0.665,0.891,-6.838,99.819,0.294,0.11,0,1yDNPqk30hDMY2wTPuqQiu
0.696,0.915,-3.057,94.991,0.452,0.0442,14,7pANE2n751S0dmh0WJeC87
0.59,0.992,-0.279,97.302,0.0954,0.0132,9,5wvfLTKIewrRfrZJRs3Qqf
0.596,0.985,-0.915,160.048,0.514,0.0119,10,7mTyKvhmh3SiW0uOuqzRPZ
0.584,0.975,-1.911,95.015,0.139,0.0156,9,4mmfmBwioCjlXjkklzXzHx
0.53,0.903,-2.849,94.978,0.132,0.000201,9,3NXA25q68QQgGVKPx4SIhs
0.428,0.979,-0.668,94.986,0.24,0.202,9,7LSbuUA9AtvZqec21ajsfQ
0.457,0.972,-1.971,94.987,0.135,0.0431,9,2EHSBfC2epl3BXYR2uYrFd
0.636,0.885,-0.383,97.494,0.227,0.000371,9,5avzhrNSqYgb4juAOzwyEz
0.636,0.981,0.199,99.951,0.0392,0.0184,9,7ecePzsLSoELyuQ3ZyKqMU
0.64,0.984,-1.191,100.049,0.124,0.0742,9,6uWksA4RzIKGlHNg4of8pV
0.55,0.998,0.289,194.996,0.0934,0.0322,15,7qZhWZkh309jgVao0Jo8DO
0.429,0.942,-3.451,102.114,0.16,0.00394,9,7dqpISlr5xVC4eDID1jc5c
0.644,0.971,-1.767,104.964,0.224,0.0522,9,7dKBsM3Tp2dXPybxvCes9P
0.555,0.901,-3.483,95.029,0.232,0.00416,9,33jVtnlOdTUVN6Fc6MTSIS
0.429,0.84,-3.012,99.147,0.0353,0.000223,9,3IxNbTPp5F97s6zxD3Ty0M
0.656,0.97,-1.08,94.981,0.555,0.00253,14,4vaXwFEcHq4yBTMmRBdK35
0.535,0.961,-1.915,100.048,0.355,0.163,9,2Ja6dTeqsDx8YFAR1ojmpx
0.651,0.981,-0.855,104.957,0.151,0.191,9,4GbecipoI4oyDE148vjkde
0.643,0.987,-1.348,97.484,0.273,0.109,9,6YLTwVpwO2OwuKPq5MC5oe
0.634,0.995,1.884,99.976,0.262,0.0579,9,0ojP7HmCeflp0I0ZUmT8JI
0.749,0.84,-3.926,102.829,0.118,0.0609,9,1awFS7E8LutYumdpdYGq7M
0.467,0.998,-2.813,160.023,0.042,0.00549,15,1oe3wAz4XvMtn6nFoldM1w
0.415,0.991,-0.984,95.1,0.0689,0.164,9,28xaU1zdGofWCsxKwvIZ2o
0.686,0.926,-1.755,100.024,0.377,0.0952,9,2YV9sAhCtOC0ybKcFjHErO
0.641,0.98,-0.82,99.977,0.182,0.00246,9,6ckT6ox1soFZMQluYlF6uG
0.417,0.967,-1.214,180.015,0.101,0.0117,15,4jnzaXsBg7Y938Q7Po9LFd
0.509,0.946,-1.521,93.962,0.0971,0.0129,9,1zdCuA3OezPXkK2raYt0BY
0.527,0.926,-4.373,94.977,0.0969,0.00451,9,6z0i14WyHNAdQq889bnSu8
0.561,0.932,-2.936,95.006,0.18,0.109,9,0rZBe91kLd0h85B9e7T3vR
0.487,0.911,-4.89,159.946,0.13,0.00161,15,5Th8O9vWzImhIqb1kO8TLE
0.316,0.956,-2.31,96.868,0.181,0.0762,9,7hRfEhxrcO80pJUmrT59kr
0.384,0.968,-2.173,180.094,0.226,0.00437,15,0EpqkTQgogq6iHpeOwEoGh
0.58,0.932,-1.884,169.982,0.548,0.0101,10,5BQxtpXiJFMCqjKFklX7xo
0.602,0.952,-3.155,97.543,0.193,0.00205,9,6Zvj3BSyp3lwyw9uSqsGpr
0.618,0.994,0.217,179.939,0.0715,0.114,15,17RJrhF02qbO7jN0jU5mdQ
0.544,0.99,-2.571,92.46,0.108,0.00228,9,675l6GVF65IS81eznAR2po
0.58,0.994,-1.809,170.029,0.389,0.0786,10,5cfYYPJJku0DQI22bKJ2og
0.467,0.97,-2.03,160.013,0.0886,0.00828,15,2sruUp3twkNTByH73uIpeY
0.552,0.893,-4.761,95.037,0.31,0.00862,9,4ucb4VSNPP6zctQqnnubpb
0.575,0.936,-2.834,105.01,0.338,0.00586,9,5O9mjAGrtDPTgque6qZWn8
0.577,0.997,0.406,190.01,0.101,0.117,15,3og4g4ASh85aYNRTHzX0gO
0.687,0.927,-1.049,102.544,0.0845,0.0233,9,5pgQRiuJ0dKnimS6wkpNfA
0.529,0.968,-3.029,95.014,0.129,0.0427,9,0OT4p81EBNnYoxWcPQM7wk
0.567,0.997,-2.053,155.008,0.0438,0.302,15,2Jum2ypFvxaNcLWHUyi17g
0.643,0.953,-2.199,95.029,0.0343,0.0709,9,0I6ZUfEYKF37J8UQhIVKBg
0.488,0.856,-4.672,170.0,0.119,0.0825,15,0L4i68FCrTrwev3PxUUpQt
0.479,0.98,-5.399,158.082,0.246,6.8e-05,15,2K4gRuinu1DlimC30iJLNb
0.569,0.993,0.257,100.042,0.109,0.00705,9,2MQgYQVaVBexty64nnPh7t
0.532,0.977,-0.778,102.45,0.0807,0.00572,9,3GfmmpnJql1SqFBmJNPYVd
0.479,0.978,-3.366,179.948,0.187,0.205,15,56tEduBCyWPZ3gVAWONJCu
0.638,0.983,2.261,102.537,0.194,0.0824,9,3tVjdIKhtgAVy3BNWH1WpZ
0.525,0.968,-1.497,169.978,0.439,0.00436,10,5rNTq1vr12Iat2C34SuJ35
0.504,0.982,-0.928,102.447,0.144,0.0269,9,59X0xMrPXXexh70B8unJpc
0.537,0.999,-1.175,159.929,0.277,0.136,15,1aj0Wx51HvxGj1dnDFNEnm
0.572,0.987,-0.116,100.007,0.0369,0.0205,9,2wVnIK8OHuNAvmvq30EsSt
0.554,0.972,-1.251,95.046,0.35,0.0259,9,03pFdMTSGSDtCKlzUfD0Q5
0.387,0.998,0.458,180.07,0.173,0.002,15,2NRNiUqKzAAt2CQL1FWSMU
0.439,0.97,-3.345,180.043,0.174,0.00402,15,1A86wZUo1CsjqycCQ8glen
0.484,0.997,-3.674,94.863,0.0993,0.00103,9,7acXF1WBYmFqqbgExXLQ98
0.488,0.954,-0.632,175.026,0.172,0.000531,15,1x9rkrQm68ZzhiO680mrS8
0.392,0.964,-2.228,200.05,0.289,0.0565,15,3pG4KAfjRpnfezGwDiN2mY
0.683,0.983,2.067,107.599,0.0537,0.00714,9,2k1ryKenp09dbxj28AYhXU
0.407,0.995,-0.15,179.942,0.261,0.00466,15,6yY0KTwtGv0F8xmKLsRXsk
0.51,0.914,-4.672,155.028,0.183,0.00646,15,434lnuoFk5IA3xJnnF3esF
0.498,0.949,-2.486,175.027,0.28,0.0161,15,6MHMcWZdrG6ZqqNdfLh2RM
0.589,0.991,-1.149,95.03,0.0769,0.177,9,1kiI7G35IZs0u4vtKX2Mne
0.315,0.952,-3.094,199.695,0.0661,0.0439,15,4bLBf2HAZj2X8ENelaqWnW
0.635,0.982,-2.016,97.505,0.243,0.0563,9,2I4sZzFKCPdTVlKrUka1mO
0.49,0.984,-1.589,100.108,0.0601,0.121,9,5RE1AIUAPa86jKiRENCpQG
0.749,0.943,0.139,102.482,0.336,0.0683,9,67pe3dZk02n1cXjtPbXuHh
0.445,0.537,-8.532,122.769,0.131,0.695,12,3JvKfv6T31zO0ini8iNItO
0.532,0.623,-9.208,89.937,0.403,0.538,5,3hUxzQpSfdDqwM3ZTFQY0K
0.351,0.296,-10.109,115.284,0.12,0.934,13,0u2P5u6lvoDfwTYjAADbn4
0.691,0.631,-6.478,92.004,0.8,0.0483,19,086myS9r57YsLbJpU0TgK9
0.612,0.28,-8.648,72.795,0.387,0.932,5,0nJW01T7XtvILxQgC5J7Wh
0.357,0.425,-7.301,102.078,0.27,0.584,12,4xqrdfXkTW4T0RauPLv3WA
0.338,0.562,-7.181,149.907,0.259,0.039,8,0otRX6Z89qKkHkQ9OqJpKt
0.362,0.54,-6.031,78.007,0.3,0.338,12,1ei3hzQmrgealgRKFxIcWn
0.631,0.518,-8.771,93.023,0.205,0.274,0,5enxwA8aAbwZbf5qCHORXi
0.681,0.372,-8.237,91.873,0.476,0.64,5,1mXVgsBdtIVeCLJnSnmtdV
0.614,0.379,-10.48,107.989,0.201,0.607,16,1HNkqx9Ahdgi1Ixy2xkKkL
0.573,0.422,-7.621,124.357,0.693,0.551,5,26b3oVLrRUaaybJulow9kz
0.704,0.225,-14.454,120.006,0.243,0.902,16,3ZCTVFBt2Brf31RLEnCkWJ
0.667,0.373,-9.389,124.148,0.0823,0.785,16,45bE4HXI0AwGZXfZtMp8JR
0.209,0.417,-8.74,138.178,0.124,0.164,8,7LVHVU3tWfcxj5aiPFEW4Q
0.677,0.485,-5.795,82.001,0.493,0.529,5,7795WJLVKJoAyVoOtCWqXN
0.406,0.399,-10.449,142.83,0.163,0.756,8,3p4hRhMcb6ch8OLtATMaLw
0.367,0.111,-14.084,82.642,0.198,0.978,6,43zdsphuZLzwA9k4DJhU0I
0.516,0.595,-4.63,119.972,0.222,0.0275,3,5Ohxk2dO5COHF1krpoPigN
0.575,0.386,-9.584,116.408,0.466,0.785,5,2ZWlPOoWh0626oTaHrnl2a
0.793,0.52,-7.457,107.014,0.309,0.246,19,3p7XQpdt8Dr6oMXSvRZ9bg
0.726,0.431,-8.765,144.026,0.348,0.731,16,7eJMfftS33KTjuF7lTsMCx
0.609,0.444,-9.129,118.402,0.166,0.603,16,3XVBdLihbNbxUwZosxcGuJ
0.188,0.411,-9.733,187.376,0.159,0.174,8,0NlGoUyOJSuSHmngoibVAs
0.311,0.485,-5.726,77.355,0.225,0.701,12,55Am8neGJkdj2ADaM3aw5H
0.298,0.38,-8.426,75.602,0.152,0.778,12,4pvb0WLRcMtbPGmtejJJ6y
0.681,0.174,-8.745,112.672,0.231,0.837,16,2BOqDYLOJBiMOXShCV1neZ
0.662,0.714,-5.68,147.997,0.464,0.312,10,52okn5MNA47tk87PeZJLEL
0.544,0.369,-9.514,87.01,0.102,0.969,18,3hRV0jL3vUpRrcy398teAU
0.556,0.538,-5.408,143.95,0.291,0.0689,3,75ZvA4QfFiZvzhj2xkaWAh
0.696,0.543,-6.164,107.969,0.479,0.308,0,0VhgEqMTNZwYL1ARDLLNCX
0.559,0.31,-10.445,119.845,0.46,0.881,16,2NmsngXHeC1GQ9wWrzhOMf
0.628,0.639,-5.46,108.045,0.493,0.00162,0,6KfoDhO4XUWSbnyKjNp9c4
0.435,0.104,-22.39,120.484,0.162,0.973,1,5Qnrgqy1pAm9GyNQOgyVFz
0.329,0.235,-7.699,171.006,0.22,0.918,8,69vToJ9BMbbLlFZo7k7A7B
0.629,0.328,-8.284,74.953,0.389,0.768,5,1TQXIltqoZ5XXyfCbAeSQQ
0.376,0.695,-4.782,169.533,0.302,0.135,15,5yVIlYEHZxQVLyInCdldoS
0.522,0.385,-7.355,89.792,0.236,0.536,12,2RttW7RAu5nOAfq6YFvApB
0.688,0.53,-5.507,106.958,0.162,0.443,0,60iSKGrGazRzICtMjADNSM
0.492,0.275,-13.4,92.6,0.18,0.687,18,7vRriwrloYVaoAe3a9wJHe
0.63,0.53,-7.259,108.038,0.417,0.4,0,2YlZnw2ikdb837oKMKjBkW
0.666,0.423,-8.012,129.89,0.154,0.494,16,7dZ1Odmx9jWIweQSatnRqo
0.492,0.26,-17.341,111.519,0.312,0.646,1,047fCsbO4NdmwCBn8pcUXl
0.331,0.341,-6.057,109.821,0.152,0.528,12,0DuWDLjriRPjDRoPgaCslY
0.507,0.204,-11.575,77.765,0.343,0.855,18,1ugQtcwmKOXvKAYzhjncmv
0.574,0.329,-6.829,130.993,0.356,0.22,3,2afCBiru10AFckfOa49wIa
0.38,0.219,-13.273,73.537,0.0517,0.917,6,73SpzrcaHk0RQPFP73vqVR
0.599,0.465,-4.95,113.82,0.0678,0.643,16,50Td3qilgs8BLtv8mHyT1t
0.678,0.355,-7.757,119.772,0.438,0.759,16,6qBFSepqLCuh5tehehc1bd
0.479,0.545,-7.346,74.897,0.244,0.365,12,5rEvuW4YhwobKwGL1HPrXA
0.609,0.619,-5.677,179.71,0.689,0.749,7,3M214U0mwSm041GsQR3nrO
0.589,0.242,-10.517,89.749,0.257,0.914,18,4VuS959DSpr82t3qBqCrWG
0.437,0.565,-5.596,115.389,0.306,0.697,12,6v0UJD4a2FtleHeSYVX02A
0.319,0.0561,-23.023,79.764,0.082,0.935,6,0tMSssfxAL2oV8Vri0mFHE
0.439,0.153,-8.95,116.76,0.104,0.874,13,4G92yYrUs0cvY7G41YRI0z
0.701,0.728,-5.226,91.071,0.696,0.0178,19,0kn2gu8Pd03DiYHzRvX2Xk
0.41,0.0485,-13.918,137.97,0.247,0.947,13,6yIHGmQLJxWAUZ1ZkENemN
0.667,0.361,-8.69,134.018,0.29,0.575,16,2jdAk8ATWIL3dwT47XpRfu
0.376,0.595,-5.936,144.361,0.265,0.303,8,6O5TrlFWTYvznd9fMC0VvU
0.5,0.292,-8.554,145.879,0.37,0.746,16,6soW9pvcXoYrnyVmTC9ErH
0.709,0.22,-11.856,110.076,0.53,0.811,5,0TAmnCzOtqRfvA38DDLTjj
0.389,0.665,-6.169,117.055,0.199,0.178,12,1RGsZfUwt2a6yLzL2yoj1X
0.646,0.355,-7.119,84.988,0.364,0.873,5,12OLyHDxt6dqlAybSPFBK3
0.445,0.179,-12.938,72.246,0.119,0.952,18,4KlL5Bwlm4yHYxr0B2rHci
0.306,0.121,-17.118,159.08,0.238,0.863,17,1veHwv1HPwzOvlhs5jPxeP
0.561,0.0848,-15.099,102.128,0.206,0.913,1,4CxFN5zON70B3VOPBYbd6P
0.349,0.348,-6.142,74.541,0.0886,0.726,12,7p8wAUDFBSWPMh2KxfUDQk
0.593,0.2,-11.063,83.966,0.17,0.904,18,3xXBsjrbG1xQIm1xv1cKOt
0.565,0.546,-7.496,139.757,0.195,0.189,3,0R8P9KfGJCDULmlEoBagcO
0.587,0.229,-11.254,75.67,0.379,0.92,18,6Kkt27YmFyIFrcX3QXFi2o
0.559,0.422,-11.89,74.002,0.191,0.701,18,0Eqg0CQ7bK3RQIMPw1A7pl
0.503,0.358,-8.158,105.121,0.179,0.401,12,2Kqw2ECnErSCU9bxPSVgGx
0.379,0.29,-8.485,166.467,0.169,0.952,8,6k8kLJFmWkHaTbSLUhJ3H0
0.315,0.296,-13.262,173.509,0.435,0.771,17,4LloVtxNZpeh7q7xdi1DQc
0.796,0.477,-7.161,119.928,0.685,0.314,19,7z3N2W7Xz1t2G2sAO8wFVH
0.681,0.453,-6.09,125.772,0.348,0.263,2,0TXNKTzawI6VgLoA9UauRp
0.63,0.5,-8.755,144.871,0.315,0.611,16,6y6jbcPG4Yn3Du4moXaenr
0.632,0.337,-8.0,141.701,0.0982,0.558,16,0pSqYDTjY1Xt86usTQslAx
0.562,0.437,-10.229,124.852,0.15,0.219,3,6K8VQ84MqhsoakN5MjrnVR
0.592,0.256,-14.031,76.358,0.103,0.842,18,1HkOPLwAJH3kE8UnqgxF4s
0.436,0.153,-9.522,71.684,0.415,0.911,18,4Ey0LK1HzksUqm9JLzzKuD
0.586,0.624,-5.946,68.976,0.267,0.0153,0,6lOWoTqVnAWXchddtTH31W
0.753,0.326,-9.883,123.799,0.237,0.731,16,3SktMqZmo3M9zbB7oKMIF7
0.773,0.437,-8.281,103.861,0.707,0.836,5,75ls0gurX68lUmMjE7QcsE
0.398,0.316,-7.031,118.582,0.174,0.805,12,0tV8pOpiNsKqUys0ilUcXz
0.618,0.793,-5.711,101.015,0.459,0.204,0,4m0q0xQ2BNl9SCAGKyfiGZ
0.584,0.576,-4.557,170.026,0.432,0.507,10,28a0aMV1OKoyNiCJuNsWrY
0.6,0.389,-5.727,143.577,0.244,0.566,16,0XER3HPMx223xWaAgNKp4Y
0.576,0.835,-6.826,150.017,0.476,0.337,10,0M3HkE321xpCbCYqVKzr1q
0.501,0.405,-5.679,109.891,0.446,0.751,5,2TIlqbIneP0ZY1O0EzYLlc
0.588,0.391,-8.607,144.069,0.349,0.839,16,13xxBnXOuiBxVxJI458B0i
0.684,0.449,-9.738,66.165,0.341,0.869,5,6Z165JvPnS8PYvGW8oLGLc
0.513,0.25,-9.376,74.103,0.351,0.913,18,44n97yHySt0Z9rqPaXgjCK
0.591,0.28,-5.494,141.916,0.348,0.889,16,6DEMMeWXfmFAXgDUMMzeg6
0.51,0.643,-6.602,130.081,0.0397,0.214,3,5DHQKZCOZhGNTbYBCekWx0
0.405,0.111,-11.879,116.86,0.219,0.964,13,5sF7hdYvhrcgNq8NZjfK8L
0.307,0.371,-8.498,115.241,0.189,0.923,12,2kfGoV9a5dbSKCNmUWH2ZF
0.402,0.151,-14.228,144.071,0.489,0.907,17,0DGh73t9eaZA3X3ZXHf4Qe
0.447,0.694,-4.637,175.868,0.509,0.0293,10,6RX5iL93VZ5fKmyvNXvF1r
0.301,0.672,-4.497,169.497,0.384,0.28,8,31VOknKjFrEX47bZXzqcoF
0.71,0.0565,-15.099,123.994,0.348,0.965,16,4h0zU3O9R5xzuTmNO7dNDU
0.481,0.267,-9.249,117.64,0.137,0.8,13,4WzhjxvLP95y7AMDy0Atwb
0.407,0.416,-8.915,176.947,0.246,0.656,8,6ATgDc6e4sPn84hvJsAmPt
0.797,0.44,-6.587,111.014,0.436,0.471,19,0dkvbYmXYEPK7gGMdytmfI
0.546,0.311,-10.396,147.464,0.246,0.818,16,40EB7ABUO6MoWMUwPKptJ7
0.519,0.383,-7.174,144.565,0.157,0.572,8,03zuGqxMwUFFmCwusq0WKE
0.583,0.584,-5.362,140.039,0.136,0.254,3,3f3omU8n47Mqyab5nCaGyT
0.457,0.719,-3.921,142.034,0.168,0.191,3,54JKnDB3CzVu8wNAOM27BI
0.561,0.522,-5.857,83.962,0.238,0.227,0,2EcsgXlxz99UMDSPg5T8RF
0.451,0.34,-7.466,110.502,0.221,0.763,12,4A7EkKijzA4ryEoCRWJzdG
0.528,0.749,-7.571,163.944,0.729,0.00488,10,6Ed1q0X8oSKSm4IIhiQbYg
0.54,0.135,-9.281,95.772,0.121,0.929,18,4hZyvWzkb5oo96pzdaBkR8
0.56,0.674,-6.048,119.942,0.421,0.698,5,2xCGBWfzTe8l2kvHpgvB6M
0.327,0.588,-6.611,161.074,0.329,0.0834,8,0V8FYVlBFuXXTIvRnMbZyS
0.657,0.355,-12.047,74.99,0.0808,0.694,18,226PUvIuxGdceSijXXZRRz
0.218,0.263,-14.416,170.724,0.307,0.947,17,3rJDsZjIaCfJQSqRUvl0BM
0.447,0.393,-8.65,73.139,0.564,0.785,5,5JDcQAztvZTIkrWoZihgvC
0.758,0.436,-7.269,104.959,0.605,0.618,5,5JiH89mHrv9oWHlD0T326z
0.529,0.607,-6.781,101.966,0.238,0.104,0,7krbSH3rd8lhIZvuzTV3Bl
0.334,0.397,-7.993,93.445,0.035,0.558,12,0u4rkpmNtgcFxYHepnVF4v
0.53,0.281,-8.274,122.442,0.341,0.798,16,6U1iuA5QfzYRPJxvdcxqtf
0.693,0.308,-15.635,129.943,0.677,0.645,7,3SEZEyvEALlomED5xFeqOs
0.264,0.122,-15.399,148.658,0.0735,0.885,17,54KFQB6N4pn926IUUYZGzK
0.419,0.453,-7.685,140.327,0.356,0.539,8,3by8IfnW9dZ2t4pZw1WVxz
0.691,0.389,-8.247,104.952,0.306,0.765,16,6D6HVKe7Qu3imn4zzJD0W9
0.637,0.513,-6.797,141.907,0.234,0.518,16,22UYp7aAy1XmIYZ1GsnJuB
0.571,0.0274,-20.274,124.209,0.087,0.948,1,0gOz9JUXsaKVzLTSmFDtdo
0.6,0.624,-3.631,90.036,0.529,0.385,0,1T8PwF3JhIiWwBhun23RNe
0.581,0.163,-14.686,77.748,0.475,0.923,18,2ndWbjiiNBEOrlfToKlABE
0.797,0.755,-5.393,129.955,0.411,0.331,2,7CFfqRW50ffULvBv7lfIIg
0.593,0.834,-3.738,151.944,0.555,0.115,10,753lkDSNs2u188xbl8Vrnx
0.512,0.501,-9.971,79.989,0.726,0.609,5,1MxHIIzcTeFnaNsDGY3pfj
0.809,0.547,-7.305,94.992,0.718,0.452,19,2RNsweBBb1a6tAHXQtt2xH
0.565,0.245,-9.132,75.055,0.307,0.781,18,5CRVwXGikmqzoRO6q7FeAg
0.563,0.8,-3.473,163.981,0.428,0.645,10,6SiNUkoEBM3FE0QLEidrnS
0.488,0.487,-6.371,77.278,0.219,0.577,12,6KkyuDhrEhR5nJVKtv9mCf
0.63,0.694,-4.501,94.034,0.49,0.144,0,1fyysXwSGNtMeqMBLwW3SI
0.694,0.743,-4.267,145.048,0.554,0.355,10,6VYAzAQGFsfEAwdorQaZuU
0.495,0.333,-10.109,99.757,0.37,0.737,5,137mSruegm1u6x9NvwiagR
0.714,0.434,-11.542,123.942,0.352,0.697,16,5jx8tCxiO0uIbo2uNia23K
0.404,0.564,-7.013,93.631,0.371,0.915,12,0Nwar8rweBUyfyuoyjjUvk
0.715,0.715,-7.364,134.923,0.506,0.0526,2,72FNf7DAlWLmuHiLTBcNHY
0.573,0.581,-3.325,103.82,0.188,0.148,0,4B3RmT3cGvh8By3WY9pbIx
0.353,0.446,-6.044,155.476,0.211,0.95,8,2eF2x1BkgilhaZ2AipRY8j
0.477,0.242,-9.162,43.509,0.488,0.928,18,5hwh37sTi84MVhCBMWzhGE
0.605,0.629,-5.051,99.893,0.308,0.434,0,4AFwnrH5atiJoAd5xS5QtR
0.666,0.317,-10.644,117.676,0.359,0.873,16,7vRia9rlEuTDQxkfXIKySi
0.546,0.657,-4.787,133.188,0.361,0.0928,3,1ZWLWVqeEMWMKTlteS0yLH
0.481,0.285,-10.848,130.029,0.316,0.9,13,2IjyFRCRn8x1bEquOM3vxg
0.397,0.303,-10.413,170.22,0.17,0.798,8,0STK94RxUulYqWzwFlyAb5
0.412,0.382,-7.023,81.493,0.318,0.59,12,2bdqU7C4softKNcMYDFi96
0.668,0.547,-8.024,83.5,0.192,0.398,0,1ggYjU6zdFHgANcku82boU
0.55,0.415,-6.557,172.065,0.274,0.161,3,2JqnpexlO9dmvjUMCaLCLJ
0.162,0.786,-2.353,161.192,0.138,0.0374,15,4UPcXTh26ilb7owtuyHqNI
0.522,0.256,-11.216,76.349,0.13,0.86,18,4PuUa8e5s7P3Zv1IdCGIsa
0.56,0.761,-7.407,93.982,0.514,0.264,0,10tMVFMvd9224Zcq4A5dRL
0.581,0.717,-4.433,107.884,0.316,0.0298,0,7h70RTLbnhDyPGXjl3iEhh
0.595,0.667,-4.646,115.0,0.401,0.227,0,1z7PADWKXVsbEitOVLlC69
0.515,0.714,-4.516,155.954,0.495,0.286,10,6nIE1oCE4udqMGv3bqVNVb
0.485,0.332,-9.244,130.813,0.273,0.784,16,4XBZTfbLkxgZBPk8bttBEk
0.455,0.292,-6.792,84.339,0.43,0.889,5,7sTtHHrD0zDpmzQzH3zegz
0.675,0.568,-5.05,82.007,0.551,0.211,0,79tOFjU8iFZn0pvsAfQ1DZ
0.708,0.322,-12.46,98.892,0.46,0.747,5,7bdYxWPCs46dQ0XLwySOyv
0.361,0.311,-11.748,89.362,0.323,0.872,18,6nat4Z7iRKWVk1qngQqI0Q
0.564,0.528,-7.995,119.937,0.136,0.539,16,4gcC1lyxdjoTE13FPOqyHt
0.386,0.452,-7.715,169.837,0.287,0.417,8,5auMzVHFr5Zfw6IbKarZ56
0.578,0.694,-5.351,129.921,0.268,0.0112,3,7gY3cyGcB2wnk2xDXiA0pe
0.631,0.609,-7.394,119.636,0.38,0.565,16,7tTRP2vA00uScZ4SjB3ZQZ
0.426,0.224,-8.683,85.728,0.399,0.948,18,5nNTGNbxS30PX6sZpYh9hJ
0.698,0.623,-7.845,102.002,0.625,0.623,5,1BCXUbnU0486n4eeTyyVIj
0.551,0.268,-9.954,77.079,0.335,0.805,18,29Co9NKhOM5R9vWCrpkPPK
0.531,0.347,-7.044,114.441,0.289,0.905,16,41WTP0gosjYD74B06uS2tL
0.527,0.0861,-15.326,103.582,0.225,0.92,13,0cHAXbQfTlBIJrzIOW8kUv
0.585,0.303,-10.058,136.703,0.142,0.694,16,05pKAafT85jeeNhZ6kq7HT
0.317,0.545,-6.439,139.014,0.14,0.039,8,2dPT9UxyHm71quNyj3C4YE
0.448,0.72,-3.954,157.919,0.361,0.0427,10,1zmgEIHE0eXH0IhBGuoTkP
0.43,0.587,-8.003,156.006,0.332,0.654,8,0My8NPmENHrN5W7OfgZnZJ
0.555,0.257,-12.637,89.013,0.431,0.892,18,7iBSkXB0pTvZasOLf0Qxk9
0.574,0.71,-4.84,172.88,0.6,0.177,10,3soSAbnGLuJeARGmegvMFJ
0.512,0.526,-5.44,85.024,0.249,0.0724,0,7tYKa4wd7gL5LwcxidBPkG
0.628,0.298,-9.539,63.762,0.166,0.732,18,3kywzyEr7V106Un5cDyh12
0.394,0.398,-10.202,78.438,0.361,0.573,12,6W4SftknKhWj0iFoHN7aYU
0.494,0.243,-9.083,126.063,0.0722,0.822,13,4gVZhkcsZcwQ4mU1gEeXEO
0.451,0.0873,-16.815,166.603,0.456,0.907,17,2vzWylXWogTG11HR0frews
0.601,0.126,-9.403,119.916,0.348,0.913,16,2hTcD5aTYlQoTT76KofQam
0.548,0.42,-7.842,128.012,0.196,0.198,3,7LwGBxB0h0CVmkOZxYKn0g
0.389,0.373,-5.72,90.289,0.283,0.928,12,3ArYVrRb0lDBLzuJJqIXzC
0.61,0.349,-9.321,136.012,0.155,0.554,16,7keXdrB4mz57u4b8YkCwag
0.557,0.583,-4.127,95.349,0.215,0.124,0,1eEK8eQETi8q8bU0lxRMlq
0.494,0.17,-11.368,80.098,0.145,0.895,18,6D2tzc8kRnZb7P1lNwMBLH
0.626,0.453,-9.295,129.958,0.494,0.816,16,779UN3kabApm2zfqX549vf
0.68,0.346,-6.533,95.952,0.224,0.231,0,4KnnWpUyPfQD6X5SQSTlH3
0.386,0.175,-12.038,67.195,0.235,0.984,18,780W6YW5HFANQLR77Owern
0.626,0.357,-7.166,179.869,0.401,0.354,8,0CnlKa2jjIMzG0gLN1KZbD
0.345,0.574,-7.431,116.679,0.0736,0.0112,12,7AOdyU64RafmvJUL4WMotN
0.451,0.507,-6.24,165.76,0.564,0.473,8,1T7AiFL9ruKKwlONN35Vh0
0.48,0.373,-9.297,114.078,0.0376,0.804,13,3Nc86B5XmDlG1KuEeSLD8x
0.59,0.242,-11.724,126.721,0.366,0.978,16,6Vigp41BietH0WoFZ52JI5
0.655,0.603,-5.014,126.088,0.452,0.0959,14,3T9CfDxFYqZWSKxd0BhZrb
0.567,0.224,-10.024,124.44,0.2,0.887,16,5sVyefkGgQeYCgnqr4KslQ
0.449,0.218,-12.495,114.607,0.181,0.959,13,1DvX7QmvoZMr2i2rIy6vPy
0.427,0.171,-15.024,99.082,0.108,0.918,13,1lVMlwpSxeEkGGrFGl6qde
0.574,0.126,-14.987,101.455,0.111,0.894,1,0ruQME0dBzzcbdYCqD6x0j
0.607,0.277,-15.668,116.193,0.211,0.957,13,0YEVAn2vGbx9jI7xY6Fguf
0.44,0.0765,-25.067,97.708,0.199,0.964,1,5sF4nEG1dZLBnODQWxGhUP
0.313,0.156,-19.028,45.321,0.124,0.985,6,0FazSNhRZ6WLccyfjtKFZB
0.433,0.163,-17.54,88.865,0.161,0.915,1,0ajS6qLPmNV7QEF0Dp6m1z
0.303,0.223,-16.096,176.596,0.0921,0.977,17,1OxWXhGSkz9VSGVhLXveg8
0.29,0.175,-19.21,157.579,0.23,0.986,17,2D5WUT4UAYqceSBUmwstDf
0.334,0.157,-18.238,173.995,0.203,0.93,17,2Y79E6uTFHlZWhF6m2tYyO
0.477,0.213,-12.359,106.213,0.0819,0.939,13,0DH1r35QPYQGWSVWiPb8nC
0.501,0.157,-19.893,109.855,0.163,0.833,1,1Qz102L6nW3SfTBmvbKnuU
0.565,0.131,-19.924,110.768,0.122,0.897,1,2p2p9uRPlLZBgT11V0b3x8
0.495,0.106,-19.016,116.644,0.0999,0.945,1,4X3IkZgkTo4WTchJXzBlNf
0.436,0.0961,-22.39,114.267,0.167,0.976,1,6pnMupVd27afvvGyzo8iRt
0.515,0.146,-22.903,105.387,0.153,0.962,1,3muzfT0ljP8aBBipCCZUba
0.551,0.115,-16.62,105.596,0.0796,0.92,1,1Qiyu2GJvxBWkFF9z0Rhx5
0.498,0.11,-22.829,109.044,0.127,0.932,1,0RrvMxwdAX6qBQHjR3EEPZ
0.482,0.174,-13.495,109.162,0.162,0.966,13,2ExRtsNPSx1XupyPBq7Wtr
0.339,0.171,-17.597,178.033,0.113,0.977,17,5CBaikcT4Gx8iO8jQvmyDU
0.472,0.225,-18.413,111.693,0.13,0.956,1,04ICJKheRrWvKTXcQQN8FM
0.378,0.115,-15.165,53.43,0.152,0.965,6,1Iup2scUgNLhmq4q7rLG6l
0.455,0.137,-14.999,53.648,0.195,0.96,6,5fxlpxZnDeUP8Gc98bwVs1
0.515,0.193,-17.945,108.129,0.148,0.876,1,1Kvxzf1WFEdBkLuvGVwpjM
0.49,0.103,-17.026,91.6,0.116,0.936,1,4J7o5z21AHxX83IxXOGdWe
0.514,0.178,-17.286,96.372,0.104,0.931,1,3VRTgB7okjGGrRg4pTFC8r
0.452,0.0983,-16.181,134.067,0.0747,0.953,13,3yyVqUxOKGgH47iUGNEyVB
0.506,0.166,-19.17,111.977,0.167,0.884,1,022W2iG3WhA3fFIKGhR07y
0.517,0.24,-12.624,113.101,0.205,0.943,13,3yuGg1Z1kHMoXVMv7iGg6E
0.409,0.223,-16.793,103.936,0.287,0.968,13,30qiKII7quQgj7xBz9hL74
0.302,0.187,-21.156,112.264,0.0912,0.896,1,1dyjTzH2OBunqoXYhDPRUn
0.433,0.267,-15.967,119.322,0.0928,0.973,13,2mKGI5TnGVSWbloCZlma6B
0.49,0.226,-11.511,138.376,0.294,0.952,13,5Iqw3KNZYs88Lwz8kM7Aqt
0.415,0.148,-19.697,54.914,0.303,0.988,6,4eaogpCx2UNkKylwlDNGJ7
0.524,0.158,-18.671,58.566,0.0967,0.902,6,7EtNoLrxsmfFxXTgVdEpPo
0.454,0.122,-15.55,105.309,0.285,0.95,13,0FFYwlRnQbuQhfW2pbzIgv
0.344,0.202,-16.063,76.076,0.156,0.945,6,2fTGteXpvwsNG8K83YyhRb
0.385,0.258,-16.037,108.03,0.2,0.957,13,32BL3Zghn1hSCgpgLSrUqc
0.479,0.12,-17.078,115.911,0.308,0.976,1,1O8ViqXWjVY5e6vOuR2xd8
0.534,0.239,-10.69,111.371,0.303,0.949,13,3GusQLpr2foU14c82En19S
0.498,0.21,-16.873,101.877,0.0805,0.885,1,1vwtIkZtFqmekoyuHH5jxO
0.544,0.161,-14.618,49.705,0.128,0.873,6,67Dn2vbyUSRJEMVJaOqOPu
0.618,0.0382,-22.696,56.933,0.192,0.993,6,4tVteS21UzbqesfNG7uT8D
0.335,0.171,-15.742,118.959,0.233,0.975,13,520YkTPlI3EqAjgONKWYM5
0.495,0.13,-16.735,59.302,0.224,0.953,6,0vmKw0Rn07BRuhBBfOqIPq
0.609,0.0539,-24.114,128.243,0.201,0.993,1,2BBxt787LSuIdPXN6YM3S1
0.38,0.12,-21.674,112.376,0.117,0.969,1,2Bv8LgnuZkVg6P6ZPsfuwB
0.462,0.223,-14.698,102.019,0.0742,0.926,13,0dzh53o5y3EqVcjicXRcGN
0.437,0.184,-16.719,119.761,0.173,0.963,13,0Ayv05nqaQxZZaidg0kE0A
0.529,0.198,-13.694,110.815,0.132,0.944,13,064k0lT6tP4AdWull7SSz0
0.454,0.181,-19.47,104.3,0.0761,0.973,1,4oECG5mUxW51Nh3U6iOdrc
0.506,0.122,-17.565,91.924,0.14,0.941,1,1cwJs07Bx640tEkvHfDemy
0.343,0.236,-16.697,178.049,0.139,0.963,17,5Df2sfwDdTC266NFO3qfa0
0.352,0.202,-19.334,59.559,0.179,0.854,6,5WwybHBAdhsJMNBbXymtS3
0.415,0.126,-18.253,177.535,0.237,0.962,17,6S6bbgUm80TdelwOPf0dsR
0.526,0.126,-27.512,99.358,0.0868,0.919,1,5CFZEWl1VQpFDda3PYitiP
0.307,0.149,-20.555,61.176,0.238,0.99,6,7FJiPlX1unkR69o7SwYJa4
0.4,0.201,-14.21,128.6,0.37,0.96,13,5ZhZ2RGjOsFOUC57CyCUiJ
0.609,0.124,-18.372,100.455,0.075,0.711,1,2BlPcDhmDzUyD5cWFyvmoy
0.392,0.154,-14.353,113.367,0.207,0.951,13,1j2stEmsymDnJNi1uPZ1rD
0.653,0.153,-15.976,78.287,0.141,0.979,18,5Enjr7Vz1J8inrynMzgmc6
0.394,0.158,-13.535,129.143,0.24,0.918,13,7k82PhqzL3q6fign67v8GJ
0.378,0.17,-19.314,138.095,0.135,0.958,17,4a1J9yup472zZW604BHbha
0.45,0.178,-14.048,75.421,0.288,0.975,18,1zKGVPC73CCFAyTF5Hsyqy
0.439,0.0361,-23.967,172.433,0.141,0.948,17,4fn0kfdUbc5LlAjTwG4RX4
0.504,0.261,-15.621,111.905,0.154,0.966,13,07VvD1Wz8hGKE2n6SEApWP
0.438,0.145,-14.537,82.482,0.334,0.928,18,6njul2LIdBRvxjoekr0mMr
0.364,0.144,-14.698,75.46,0.175,0.952,6,0Pvw3low3habLe1L9lM4Vy
0.241,0.161,-19.156,57.019,0.182,0.977,6,3iU2rkahLELzejRd4zhtK8
0.453,0.203,-14.187,111.662,0.197,0.976,13,4W4PZdDzTUa06u4iXCKRxI
0.522,0.205,-15.323,118.347,0.214,0.971,13,1WvROGTTw41o8BQ2zHx6sg
0.467,0.17,-20.378,108.5,0.17,0.945,1,2qLTH8o4woaUd81rgUAeZp
0.515,0.166,-17.721,62.718,0.0779,0.965,6,69eesFTk1HKajniFSF2Z9n
0.548,0.188,-15.519,95.625,0.204,0.964,18,7H6doSNNykKJH1ewJxW4FL
0.574,0.087,-17.453,101.147,0.245,0.898,1,69AZB2TEh2qFXAKs1R3H9B
0.474,0.189,-13.303,118.88,0.145,0.937,13,7vffwkV7miOu7Sxz75pSuY
0.428,0.149,-16.993,113.258,0.0555,0.921,1,7xTuJi4PK5ujPuf0g19oII
0.385,0.218,-18.595,45.805,0.144,0.981,6,38JakPibJCWbVKbR9vwGAR
0.404,0.157,-11.386,178.247,0.274,0.964,17,4nmm4RBqwy3rOwMELRrl5p
0.504,0.166,-14.374,120.511,0.265,0.986,13,00MDdSPO6iWPZwwuF6RH89
0.64,0.188,-16.981,120.474,0.16,0.962,1,3rGH9xLvAP2R6445FaLVs8
0.499,0.225,-15.635,85.833,0.181,0.937,18,1vNFoWu3d80MnNkgjlaQ7k
0.492,0.206,-16.065,106.139,0.234,0.97,13,4h4NyGcAmkInin8wNidCfS
0.52,0.107,-19.235,76.594,0.171,0.968,6,1FW1U15nbWIAteWTI2Iy9L
0.375,0.174,-17.577,84.148,0.163,0.9,6,2uFnSCNpfxySA144y7iIxq
0.538,0.161,-15.046,121.574,0.21,0.982,13,1WmWY8MVCl3iPZ4u1k9sLa
0.449,0.0875,-19.244,94.952,0.214,0.972,1,4nTbbttvaqWAuqs78RjFnd
0.446,0.166,-15.492,105.693,0.129,0.95,13,1BnYMsR1MIxPmMJe02Lot4
0.411,0.229,-14.563,111.564,0.193,0.941,13,25uH0QfCoOQ5Jw2c0rXGWf
0.421,0.199,-11.592,118.772,0.269,0.931,13,6Zxx0HOw0vDjvO5URV6C4b
0.362,0.17,-18.193,107.442,0.156,0.936,1,6vtzBYf1I2Ozsdp94A2t5i
0.36,0.136,-19.518,176.766,0.133,0.944,17,5j3WbWhQJpANH3HFWHtLq5
0.487,0.13,-19.126,86.672,0.0796,0.938,1,0rxrNlowteTww0qD51gmJC
0.417,0.0829,-22.326,123.812,0.218,0.978,1,1cwApuGBzxyhCPBYSX3xqk
0.498,0.162,-15.854,108.293,0.237,0.935,13,5D9zI5bZ2XgFDEYdqGrHnP
0.451,0.203,-16.865,100.986,0.15,0.941,1,76RWGx3zZ46aIY4WPjsLuo
0.485,0.138,-19.272,108.871,0.105,0.866,1,59VY0huVKd5pSuJLI9RrMO
0.491,0.101,-19.255,88.182,0.147,0.919,1,5GuytCR8JGCn90ReWuhYvL
0.466,0.124,-18.809,92.52,0.0775,0.948,1,2ydGIFOEzRCyMXr4ZolD6j
0.514,0.236,-13.389,52.211,0.153,0.956,18,3a2EtryAoijDMEAOaFSxqH
0.402,0.144,-16.281,168.293,0.209,0.985,17,5mqn7zmKnNjHvmsg1OSgnq
0.242,0.204,-16.478,89.691,0.274,0.966,6,6WpAVvDGnPZ0CEO7yAIoBM
0.434,0.177,-15.613,110.6,0.143,0.958,13,4perVeAQ5hn68NDRx6nzey
0.445,0.139,-16.443,118.639,0.241,0.971,13,0pWw8k7ThQXQlODdT0MVkP
0.514,0.138,-16.925,53.505,0.104,0.971,6,5SLaynsQunaaRIQ6uhCJu6
0.457,0.0508,-22.899,97.091,0.0979,0.837,1,4TpsLl4wCmBEHQbauSJEMx
0.508,0.126,-18.687,117.126,0.095,0.947,1,1POSSxzIB7fLcHDDfbmjDZ
0.382,0.184,-16.697,97.513,0.156,0.888,1,2qxgWhI1DtwC5X4SzJNvZJ
0.39,0.122,-18.578,97.032,0.248,0.973,1,1a3tNp1HDtuG9vDIjrgWpZ
0.503,0.149,-18.103,115.739,0.173,0.985,1,7MTAzNGDR2oen6dmPKxI3C
0.335,0.203,-16.864,173.515,0.202,0.948,17,33sW1w6GqKgSolhokSdhpd
0.384,0.109,-24.538,169.685,0.166,0.97,17,141T43SRB9gNLTqG8WPvaz
0.446,0.218,-13.284,98.677,0.145,0.943,13,0oXrVmcJVCd7043iyHmmUI
0.553,0.121,-15.262,114.29,0.172,0.936,13,1Eh0sGvTxDYx13pE2PBpEn
0.457,0.13,-18.94,112.553,0.215,0.976,1,74NmDsFZbbS0T7Zc2z74Cd
0.393,0.127,-15.086,103.506,0.155,0.959,13,0IQ6jc6zO9ffRqcNoiL1Di
0.343,0.107,-16.659,115.774,0.183,0.965,13,7fHjVyteq1A6TOfjqdxvrE
0.431,0.105,-20.001,102.214,0.381,0.958,1,08Y2U1Z3FuXOYNRZgUHXHk
0.429,0.268,-13.425,111.144,0.173,0.957,13,43bLhZkulGIf55O7fpRRok
0.568,0.143,-16.994,105.323,0.126,0.964,1,0QPlQSzKFeCaUUsTKI5l3H
0.416,0.126,-20.798,59.527,0.224,0.982,6,0gyjqALKXPICWiV5j7Bddn
0.463,0.139,-16.272,65.764,0.117,0.948,6,7eIBRnjrFylXHqi7EZ0cHz
0.463,0.174,-14.885,120.888,0.2,0.928,13,0vVsZ7fLYEnYA9VIBXYdhv
0.409,0.192,-18.611,121.079,0.109,0.948,1,5bVT6a3fLBhW0969fn40lo
0.526,0.131,-17.461,112.949,0.176,0.947,1,3CpRRIHLxKHSBSvnCgGeD1
0.495,0.133,-14.87,112.228,0.193,0.963,13,5DyN6afAAjTOgOgTA9jXyE
0.451,0.171,-14.732,99.549,0.24,0.932,13,1QbgNds5Ye8BovkywTbliF
0.22,0.188,-19.148,56.781,0.215,0.958,6,1uptgSNdSsDIVsdynJEoCe
0.381,0.0957,-22.221,60.077,0.152,0.968,6,7tRueocYJ2FyjtLbHBOZlz
0.475,0.138,-17.099,118.338,0.123,0.965,1,1nsMASRDWwUwlBMmOuh80d
0.488,0.0893,-20.921,127.47,0.197,0.977,1,7uINJ9uuLyurxRS7DrLRX0
0.459,0.265,-14.701,120.819,0.13,0.952,13,2pcDGklI3mOVMZrvnUF2t5
0.456,0.225,-12.99,111.577,0.232,0.974,13,5CX7Ndfp4IJT94jdKSdair
0.41,0.223,-13.395,107.158,0.0515,0.96,13,1wOBMxOxr7HciBRQ798Mlw
0.396,0.187,-12.532,163.911,0.178,0.95,17,4ZGlMy7TmvZNYTacuIyqSo
0.453,0.128,-20.163,102.077,0.133,0.933,1,7IVkAhHfWNsc7HUxKddN1x
0.471,0.101,-20.535,124.571,0.228,0.968,1,44U31ReufqAcif83U3ACf1
0.539,0.174,-14.657,97.893,0.158,0.844,18,0w0fqaQcl9OFquSsm7Gjqm
0.477,0.146,-20.248,111.254,0.186,0.975,1,1cPvmbaYDC33sTkNlfTuIB
0.408,0.131,-17.849,115.09,0.35,0.96,1,7L8qE08pnMxr4JvvtYJxis
0.473,0.231,-15.81,113.356,0.161,0.975,13,3YMMHEfRPihLMV9L2BKrWT
0.447,0.217,-16.916,119.543,0.239,0.968,13,0iIxcgkANZfp1Mk4Es1OUw
0.408,0.119,-18.142,63.079,0.159,0.964,6,6JbvbDMUh0X2seQPxx0Y2n
0.36,0.221,-13.87,87.336,0.139,0.927,18,2H2rKP4bEBgT5Y7LMuIF3w
0.511,0.167,-16.654,99.344,0.183,0.96,1,2bJ6vXeDbSvF2xngmc57UZ
0.424,0.163,-16.755,98.371,0.224,0.907,1,6OLMBzS4PV7EXkxzkcx7Z6
0.51,0.189,-15.775,103.792,0.216,0.972,13,2nUhKiUfVdLcGmcdYHdjBw
0.382,0.155,-17.956,117.596,0.239,0.984,1,7Cmp85HSefyHtULmgajybL
0.558,0.157,-17.519,100.764,0.188,0.924,1,3QDUpdIPgL1NSpCY9aPpbf
0.544,0.203,-15.579,112.96,0.251,0.946,13,1LGN3DO6YD61pwb64gQtZx
0.398,0.26,-14.621,141.806,0.171,0.964,13,130PBtsuj1VyxWdn3fhN46
0.582,0.123,-16.208,106.559,0.0795,0.928,1,79S9Ea6Q347UAPTIWnLmV2
0.255,0.0745,-19.79,75.936,0.179,0.863,6,26UQyr3L71oAnXQIJf18gr
0.565,0.239,-16.679,116.419,0.231,0.96,1,4zYPDHYsvTdUMMy8gRkBAA
0.424,0.116,-16.425,107.498,0.191,0.95,13,25VqRlCspcn3W04pGctbcn
0.453,0.166,-17.664,133.86,0.0894,0.946,1,4xHAgWSmUBXek3pkXxPcVk
0.422,0.196,-19.409,110.754,0.148,0.979,1,2HriYFonV6QkhctkB8DMxY
0.445,0.21,-17.007,53.05,0.182,0.969,6,01PueBjWRvJTwWwuClGbEp
0.479,0.224,-17.95,94.031,0.278,0.905,1,509DJTmdSrynAqzm5c1m3K
0.576,0.0928,-18.404,103.03,0.155,0.911,1,3AqqDd9zm7ZG8AFaveWYIm
0.557,0.229,-15.943,61.858,0.0816,0.853,6,1bB1538FOBYVUs2z06ssQ3
0.604,0.117,-18.05,112.502,0.297,0.968,1,2rtTRNbX2fRQGsLBje9YHS
0.248,0.132,-17.627,110.134,0.241,0.96,13,6SNXb4pUG3LjS2601AKT3G
0.5,0.2,-14.763,100.991,0.0708,0.898,13,6G8zCGZyhxjCZsVIkUM3Fy
0.414,0.182,-13.957,105.712,0.193,0.952,13,2yfDEMRiDN5lvCYJiRvefD
0.614,0.101,-20.511,121.532,0.179,0.932,1,0E30aSv1GFX0SG0zbsCxGH
0.493,0.146,-14.625,109.694,0.205,0.981,13,2o8qn04QtYku0WNWxcGps6
0.476,0.142,-14.311,87.413,0.159,0.979,18,211NFPThPEPKCoScvCAelb
0.392,0.202,-15.515,55.167,0.221,0.964,6,4HhnBJDoi9eLFxvnUh6ZLj
0.455,0.26,-14.579,126.156,0.204,0.973,13,3JtvojpnCGBLdalXoPpw4l
0.311,0.175,-16.939,92.667,0.371,0.968,6,2K9uglBf8vJoTcIP4sapyr
0.505,0.158,-18.637,107.004,0.222,0.969,1,4QJ4UWKHSgqPEofSerNqZI
0.462,0.14,-19.501,95.991,0.129,0.926,1,0Q9gFXZfjSQKXgjnqhgmnm
0.576,0.127,-16.564,77.629,0.169,0.941,18,6LLyyfz8BYrHtd3yPkrPad
0.342,0.181,-17.549,186.016,0.275,0.917,17,6WMZ32iT8I5T2UUSQTdWf9
0.426,0.137,-19.003,55.641,0.379,0.956,6,4Y27hhN8JYQnD4XPnqlZsU
0.554,0.111,-18.005,102.561,0.12,0.958,1,53ITTs99tI13zcMBjdQpoB
0.464,0.144,-16.863,107.823,0.143,0.933,1,0jXJ9u642pUSnPNchzYadK
0.516,0.135,-17.955,104.02,0.0931,0.716,1,2PVMfghJc3ayLHjGbGjg3J
0.46,0.215,-14.197,124.691,0.211,0.932,13,3al4xzBnTjTpcnZsfRiE0y
0.425,0.219,-14.817,123.47,0.229,0.981,13,7r5XG6Ko5PsiSext5v0vyO
0.491,0.134,-15.513,78.222,0.174,0.979,18,0tJPym7iyE0HyPFhwPrPBj
0.466,0.0718,-19.581,105.252,0.214,0.922,1,3wMe1lySKxJeH9iMWXDqgx
0.387,0.22,-15.127,97.726,0.0769,0.885,13,4tmD3aQkmBEO9JOR1hEAdY
0.518,0.144,-14.734,90.651,0.206,0.914,18,50QdRhmKuE8C2z1NGkiKxB
0.396,0.169,-19.164,177.236,0.126,0.952,17,5p5CfayA88AVKc76DcwK5e
0.546,0.152,-17.08,124.562,0.144,0.958,1,62FrtiVepyS9UGfcTPhu7W
0.528,0.0897,-18.904,105.17,0.305,0.984,1,48w1IYrxtNKmm0bBMICOdu
0.536,0.153,-18.485,115.691,0.166,0.962,1,6tKDtGWfRkozO6r0kwsyYr
0.471,0.166,-15.344,63.51,0.0873,0.858,6,5PQXmu4gJHZDY5ORO4xoc8
0.496,0.125,-20.965,61.057,0.141,0.978,6,6BNIemd2679Bg6BbNjP9Ko
0.414,0.154,-17.81,117.049,0.119,0.973,1,5ElOUNrMJQYJu9VmTivrAn
0.587,0.0575,-22.505,64.996,0.146,0.943,6,2bYWfgNXxt4CQCPWBicqPx
0.52,0.157,-19.608,118.252,0.134,0.976,1,3CewMyxVNsiu94v6Vm0SS2
0.453,0.142,-19.092,82.818,0.0859,0.849,6,04OlOJOsWy6RUWgyhixoqk
0.468,0.122,-17.007,97.432,0.179,0.929,1,2DWXx31Eg2vNMTcEVZT9qk
0.423,0.116,-17.882,81.501,0.1,0.972,6,5jU0M5C3puyWnDvrd27RSP
0.523,0.209,-19.827,82.163,0.224,0.965,6,5UkdF1wkOtQ95CvA1zjfDb
0.449,0.142,-18.201,112.211,0.131,0.945,1,73LXSkZdpjWC4XUDTju8LK
0.584,0.139,-11.483,106.759,0.24,0.961,13,2ghcpXt1t7oQfHcF5hUBP2
0.501,0.223,-12.413,109.911,0.266,0.972,13,7owDJ8Pr9sF4YNIdb3yrrX
0.503,0.148,-18.948,118.315,0.0585,0.954,1,1QVNZXoguyS3bBzMldMn7i
0.485,0.0873,-20.686,76.406,0.0947,0.937,6,4cXWKqGv91HzvKQe0r6dNJ
0.327,0.107,-21.7,96.045,0.112,0.944,1,2dXBcXQmElv95h7Fl0P623
0.449,0.184,-20.043,61.971,0.164,0.959,6,78K54LEyjSttk9UTE8PR9r
0.512,0.153,-17.568,105.66,0.24,0.904,1,4SsODjeSzr1gfceOJ6utNi
0.703,0.728,-6.006,144.035,0.422,0.275,2,6sPi1gMeolXVGYn5peD4Xh
0.74,0.688,-8.31,144.001,0.541,0.154,2,4ANrht1SKL8LQ2b9v2jH9J
0.709,0.715,-7.967,145.944,0.566,0.478,7,1LYAFsAknbsHzCRqHV5phR
0.807,0.75,-4.396,141.176,0.961,0.17,4,6A3SB2C4U6JtCavQOXLYNN
0.887,0.501,-7.982,145.995,0.403,0.498,2,4o2Iwvz9M7qdUUaCmfrZAQ
0.692,0.616,-10.693,141.106,0.639,0.127,2,4FTdqVASPQnV80sl85fVxx
0.869,0.786,-9.012,160.099,0.967,0.0114,11,1imr5TrYo6MuzoU5Zn2hpv
0.639,0.735,-6.68,140.523,0.547,0.278,10,0WIeUANL53pmz66ToHWtaL
0.759,0.803,-6.77,140.994,0.895,0.413,4,3FMedgGsLUNwx8NciePFEK
0.776,0.585,-10.716,138.136,0.724,0.555,7,5ZRM9cNzt2CS9eZyzEyRtZ
0.835,0.682,-8.655,150.007,0.953,0.0755,11,1hpMP5Wv3kSFKfPIg2UgSK
0.779,0.597,-10.3,149.176,0.738,0.14,11,3n83tqlN2mraNBla71j0Cg
0.747,0.701,-9.758,142.886,0.723,0.035,11,5c0L8xnB6I9DS9LKaqUx3j
0.913,0.54,-10.743,144.078,0.785,0.192,11,2KqdJfkysiVE6j0o832APo
0.9,0.639,-9.132,142.045,0.701,0.419,11,2HjKAH4h67ukwKuBjTRNHt
0.77,0.708,-10.13,144.996,0.616,0.124,2,3z3Xzi1zgNJTq99Lly4SiI
0.861,0.748,-5.002,145.324,0.737,0.607,7,56Oj65GrBLXYpabVrChei6
0.879,0.646,-8.352,147.052,0.629,0.329,11,3NQ83jeRQfnXqickeWRFLi
0.816,0.623,-9.811,145.138,0.708,0.247,11,7tTcleU0z0VpBaGWlBdIko
0.757,0.559,-11.455,142.76,0.6,0.688,7,7vv24x9Gc1g6LbMCCOD6v2
0.778,0.59,-12.055,142.004,0.961,0.547,7,3QoEOJppmERW3SqQ2GRbBE
0.879,0.719,-8.279,143.912,0.739,0.559,7,6ZEX7RYnxXzWkGbaB6UruS
0.804,0.91,-3.038,147.008,0.552,0.345,14,1IKOaciPNSGmX9P2rx8iWx
0.838,0.733,-6.192,143.104,0.806,0.747,7,1JTnvQEXkqf0ZovtKPDh9j
0.807,0.619,-7.255,146.033,0.704,0.203,11,0KTVVIO1SLbQ2m7ZJDe7IU
0.893,0.449,-11.268,142.037,0.681,0.233,11,6q6B3S0NzajdyzSj3XLXxb
0.759,0.416,-13.699,143.286,0.809,0.206,11,72NIQgcnkJDMf3Q4xk3Bbd
0.861,0.46,-10.105,143.008,0.74,0.193,11,1aWrjGga6Ws67b2CWWTb4u
0.832,0.44,-10.509,140.053,0.43,0.283,2,23HMleKc0xFqerlk6qT2FX
0.764,0.603,-9.434,143.091,0.6,0.361,7,0UPZYZghuk0ShJKrEiZ5jv
0.662,0.903,-6.196,144.132,0.743,0.521,4,1YTKdKM3X8G1XjUStxchPP
0.876,0.572,-9.352,144.083,0.755,0.166,11,7klOM09FDvQb3oQtIZNFPl
0.805,0.825,-6.123,143.102,0.424,0.329,2,7kWXW1tYyE2cOR11TPkKT7
0.865,0.582,-10.103,140.038,0.286,0.0298,2,6PyDmJQd9gT9vBOc5aPAXw
0.799,0.544,-9.732,140.056,0.462,0.11,2,5cPSyoMxvb3seOHoWPB06F
0.764,0.582,-9.133,157.205,0.543,0.0606,2,5fs2Gx1eIv8UeG9khJ0wSo
0.723,0.719,-8.498,170.085,0.402,0.442,2,0srLEnYW3RUBAPoOcHm3lc
0.917,0.702,-11.178,140.072,0.744,0.421,11,2fcecaIcGcBuX0UOuDD8H1
0.73,0.622,-8.188,141.983,0.705,0.324,7,6afrGc4NBIQEObX1S8DCPy
0.782,0.732,-8.885,144.94,0.773,0.413,7,0EZ05DO2sinxXkujtxUUZF
0.912,0.651,-8.702,142.947,0.505,0.0824,2,2GPh676erhgaOyMRmQNOc6
0.834,0.631,-7.792,140.961,0.625,0.264,11,4V5er0Fzkjh4AZEFXoSTIr
0.799,0.57,-8.186,147.245,0.783,0.47,7,3N8hTmz2BNTZwKhjymG1Q5
0.912,0.712,-7.71,140.971,0.929,0.738,7,4SbhFbZdJMEPHABg4igsLn
0.873,0.652,-11.783,151.862,0.682,0.361,11,09VwLfTaX6fYDZhofvEVbw
0.873,0.362,-15.733,142.075,0.295,0.143,2,2e7lpjjoYA2ijj4X8gfHUr
0.606,0.799,-3.468,139.792,0.227,0.0344,3,2cZ2Vx1EQzK4PFo87Z22Fn
0.507,0.872,-5.896,167.472,0.653,0.13,10,6NuJOIXGYhc3UhhpFZmtxh
0.679,0.583,-7.686,161.812,0.472,0.0223,2,4izostFFe2ryryY0QV139K
0.645,0.244,-12.558,146.179,0.964,0.296,7,475fSfeDIh7mvvDF0J5E3E
0.729,0.518,-5.784,105.792,0.918,0.217,4,0sq6iewpNEULKxGLaYdld8
0.784,0.695,-6.937,119.984,0.799,0.437,4,2caajiEdKmX5obLI81GZrP
0.789,0.615,-5.767,140.032,0.521,0.0498,2,2F2b8z7H0J6XlikMGMkss0
0.754,0.246,-20.268,140.507,0.515,0.824,16,3S2gLPljxsIzueguYAWHxU
0.778,0.555,-6.766,140.08,0.527,0.275,2,7LV2t3fLO2k30GShfxIQTD
0.619,0.557,-6.01,149.872,0.54,0.338,10,6hZa29t1WH9mM2wqyBw2pw
0.585,0.874,-6.33,149.608,0.357,0.044,10,7oa1uuluE1Wc47xjkSNS99
0.61,0.813,-6.02,140.868,0.943,0.0942,4,4BOZst1a8mfanfRSfdRzi9
0.8,0.604,-10.461,139.957,0.854,0.27,11,4Ait68EQ4BdYBDhwNxUuJJ
0.836,0.793,-7.835,144.917,0.853,0.153,11,6cV71jleEkoyq5Hlsl9l2a
0.889,0.721,-10.09,146.234,0.741,0.166,11,7ist6ZFoMj9oQbTO1eYINW
0.764,0.79,-8.7,140.03,0.909,0.312,4,5092WBFsPhz41OsJJL6HRa
0.806,0.883,-5.041,141.021,0.701,0.231,4,1QSVrSVmTGrcPaShtkojwd
0.899,0.639,-9.071,140.107,0.808,0.484,7,2TobINgZFWFedtjUdH994k
0.867,0.524,-10.775,144.061,0.867,0.304,11,72etzlZKMbe8EARBRjGTQs
0.702,0.381,-16.53,140.035,0.346,0.194,2,70IyUJ6MD2gdKbymubY3eB
0.825,0.475,-9.795,139.988,0.529,0.262,2,0CGYQM8oQkHI6wrf1cTIvK
0.923,0.574,-9.097,140.016,0.722,0.214,11,7xvgRaIALn0x78MUtOe9SA
0.875,0.827,-7.258,140.115,0.595,0.238,11,06l63fDOp1qRltZbA6r4nP
0.853,0.252,-18.461,141.953,0.583,0.7,7,0kjuq7qimVvU6GrMtPEqWq
0.758,0.572,-10.354,143.941,0.365,0.016,2,0hDeWUrm3zgLhuTCrXQkJv
0.853,0.591,-10.706,144.983,0.911,0.219,11,1MN3iFMSQ8dfqNAZMyUp5h
0.792,0.642,-8.684,146.081,0.74,0.45,7,22twVRzFiQHu3g6hKdhB7n
0.877,0.515,-10.785,142.052,0.826,0.421,11,205Og4VkGoDxTBKWb2yyko
0.922,0.675,-7.44,142.046,0.691,0.171,11,53Ih1tBwpD4hKr39BMSq9K
0.725,0.806,-6.07,142.672,0.66,0.21,4,0Vm8wm0W8KblOFyN8ZgYPx
0.748,0.568,-12.32,145.024,0.649,0.125,11,7FvNMfl36deVOGVR5Mz9VC
0.898,0.391,-15.689,136.927,0.788,0.321,11,61ZN9qQOIlY5iyqEAY8LdO
0.673,0.478,-10.592,144.748,0.588,0.112,2,1Hz9kATarW8c2qsYeGID59
0.795,0.507,-8.06,146.771,0.48,0.0612,2,0Ymjv0OJeIIPXr6s9wi3iW
0.917,0.366,-16.638,142.048,0.68,0.522,7,4lULVsvaMAFFndqL8J2exu
0.899,0.348,-16.467,140.044,0.398,0.188,2,33YgGfIfF8ntJGWD35WkCu
0.851,0.72,-5.2,149.006,0.669,0.0516,11,3msvOJFBxxktaCERWuphsT
0.798,0.674,-5.154,147.125,0.68,0.0585,11,4SoGvZB42bQrPWmi24POE5
0.89,0.944,-6.62,140.086,0.844,0.763,7,71kJnstCbvqaI9H70S9y68
0.887,0.755,-4.495,149.995,0.773,0.3,11,7gFgW5kkI17rz6OywyRYrW
0.782,0.698,-10.755,150.043,0.502,0.0249,2,3sMNkmHA0fZkt2F5pqtVGe
0.718,0.851,-4.305,143.842,0.752,0.0654,4,5iNTCutenYZ1y09cjJvj10
0.698,0.781,-4.471,160.032,0.706,0.498,7,6x1RDly0wG2dNPBPAhAhMk
0.803,0.72,-7.421,143.907,0.701,0.16,11,7fWBfZLAAiedgkMpSLUDQU
0.888,0.665,-7.743,143.974,0.889,0.273,11,0CnRTJEQw3glmbLMrSiQKf
0.921,0.522,-6.969,139.94,0.332,0.0611,2,7h89KNdndkucY4nDlwr31b
0.832,0.583,-8.913,140.943,0.677,0.673,7,1WHwr3enTkZdG8feFozaqy
0.553,0.757,-6.244,145.843,0.852,0.503,4,1J5mCQXSgNiHPS3N8G2TNk
0.842,0.762,-6.09,145.112,0.964,0.431,4,1LRddxKSytP15JzJ7ebr64
0.726,0.673,-6.149,145.718,0.498,0.712,7,0PmBlqAKstzEDgngLCDiFW
0.701,0.536,-12.523,160.199,0.382,0.113,2,7wc0bSJHs36VJ0po9UCvHj
0.715,0.74,-5.782,144.876,0.775,0.311,4,7nCuL6OjPaQERu3unCv5Xc
0.751,0.829,-7.457,150.815,0.832,0.499,7,0RfMUBVPkuv0eYNBGWe7PM
0.777,0.94,-4.927,160.034,0.853,0.331,4,4gaB38fhaZRD3dCiRDxSzy
0.884,0.62,-7.932,142.888,0.57,0.79,7,4VRHUXJ5gptBuACf5kFoF2
0.621,0.566,-10.837,136.54,0.182,0.404,3,4grpUiayIDu0vdydUXjPs0
0.781,0.541,-6.823,146.355,0.641,0.624,7,0s9RsF8fxKXUorxCAGthRZ
0.89,0.403,-14.702,142.201,0.834,0.0683,11,2eecb4JWIiK6hQRwKYAFTp
0.93,0.624,-10.61,137.044,0.725,0.646,7,3yRvSXPbTJ589gRUIfTbnk
0.79,0.737,-5.568,143.083,0.356,0.349,2,38baHRHvx5hgtz0nhpAbEY
0.969,0.523,-10.016,118.103,0.735,0.316,11,79MeA7V0mJxfl8N0xi15zL
0.65,0.871,-4.523,127.958,0.512,0.0525,14,6q2A5WxD7VlFceZXdpfj4z
0.684,0.872,-3.02,126.005,0.554,0.0376,14,1CINbWotyT3WDt9EDh3cww
0.793,0.85,-6.696,115.966,0.856,0.297,4,65wKbNqjUTmdyk47Z31Czm
0.543,0.862,-3.586,168.015,0.603,0.166,10,6QeQs7lz8qR2miwx9n2epp
0.808,0.699,-5.879,126.015,0.826,0.159,4,7dAt83GzvIAu9w6ur6aX4J
0.569,0.86,-5.008,109.957,0.469,0.0217,14,2XEwnFyQhDBHq6rFEaAOQj
0.723,0.899,-2.428,121.054,0.591,0.246,14,70fRUZsAxNKuxTy8gp4nKT
0.598,0.809,-3.691,124.943,0.62,0.102,14,28ooNJCBh2MWbCVYhZ8aqx
0.738,0.592,-9.478,127.976,0.906,0.00341,11,0eZyB2PzHQHSdGrIcd6n31
0.669,0.566,-12.388,111.395,0.708,0.329,19,7yUv6nCxiV1pEa5MdybU5b
0.746,0.892,-5.859,119.997,0.71,0.108,14,5FcXxcMF1xonYnEVDl7fHy
0.643,0.883,-2.993,123.947,0.606,0.0489,14,6K822mx4lU6YxZz3mt98EK
0.714,0.839,-3.709,129.992,0.544,0.0383,14,3xidREsT9qVMK9mfOWkUVz
0.691,0.817,-5.511,124.973,0.398,0.445,14,0NwYp0dLQruIwIWAZPvmtl
0.681,0.997,-3.611,130.131,0.769,0.0946,4,6ehQWK3OTeDsG3XpHgF04I
0.687,0.761,-3.714,122.02,0.858,0.262,4,0yrZHjRVqkajH9xePjFI1C
0.756,0.917,-3.958,120.122,0.945,0.376,4,0tkQ3LrxKyiT9x8a2MBarw
0.7,0.973,-2.814,119.982,0.96,0.00788,4,5UIsE7Np5AItNLv35mCsPg
0.782,0.97,-2.102,126.974,0.781,0.0264,4,19glykLrIU0iWh8TIuI0oR
0.684,0.966,-2.69,120.012,0.899,0.342,4,1fE2zhbqWBo0DgAJmHEVx2
0.754,0.769,-6.369,124.016,0.832,0.431,4,4omRd4BJaHglIrmJeUttJl
0.7,0.881,-4.985,125.975,0.531,0.164,14,1OOv5zv6XhCfsdZtHqvKIX
0.75,0.896,-5.482,129.983,0.825,0.147,4,5RCquxPbMJkdstaP7Xfb5j
0.641,0.994,-3.58,130.01,0.702,0.0918,14,2c9ckBLgG3oqx4OqBjHWtz
0.709,0.832,-4.578,118.027,0.681,0.403,14,5ftAdpccCCrY7JK8jOOiHn
0.602,0.954,-3.76,127.968,0.901,0.0255,4,3qoMWo1JY6FZMh1aulUIrW
0.786,0.824,-6.04,123.015,0.57,0.105,14,1L0zpRujG3Rgq7K1I8E3nD
0.592,0.935,-4.676,130.02,0.653,0.182,14,6n47F9dIaHnntab8G5cRZp
0.587,0.769,-5.868,115.109,0.967,0.22,4,7DfHmCnSLftVHPvtFPFsmA
0.709,0.817,-5.63,126.075,0.596,0.195,14,03u6NcIx3EineN6cRBZCd4
0.772,0.928,-4.391,119.991,0.92,0.204,4,5OjIpU2wnpV30LNFZTdrtq
0.659,0.778,-4.26,108.013,0.592,0.00018,14,41HiaE2rHph7xTYt5mvzrA
0.704,0.951,-3.304,123.981,0.833,0.0905,4,1eYV0EgIjSL4q0TgfQekJf
0.691,0.933,-5.579,130.03,0.689,0.198,14,5jw3qLAj0Vc6dvXFipchXA
0.678,0.933,-3.347,166.953,0.677,0.0742,10,4qSzIHwKjj7DoCsoXe7RPw
0.634,0.797,-5.987,123.808,0.787,0.43,4,6XAhhD4ZbcHoPm7FdcFzbS
0.616,0.936,-3.106,119.988,0.491,0.00449,14,3FiUrmUhTAuHUTkwIbxohM
0.661,0.722,-7.456,117.022,0.606,0.0116,14,05pXqEs4ouaP0dN9iZW7Qa
0.751,0.897,-3.618,126.967,0.871,0.0522,4,3WmWlCvrYfF8EJQOi4YiYZ
0.752,0.895,-6.29,128.482,0.972,0.0213,4,0xJCFn6sMc3jgPmraCK0l6
0.717,0.848,-4.927,122.045,0.661,0.011,14,2GLDBTQkcfru1wtceW57bF
0.801,0.812,-4.048,127.983,0.796,0.0711,4,6avuE0GdAll0hjio9uUIrz
0.71,0.818,-7.567,119.993,0.804,0.0517,4,3X9B7yIpLasUU5j4GPXogp
0.686,0.884,-4.353,127.898,0.671,0.0882,14,6Ek5Chnk0MvFciidgQbfLw
0.719,0.83,-4.202,125.029,0.893,0.263,4,57kEWVCDHNtlziIEavbV2Q
0.72,0.932,-4.204,130.928,0.918,0.0976,4,4cSSAsYt4afPzyaBdO0WVs
0.667,0.821,-5.565,121.027,0.638,0.0941,14,3fGkWWpjU3xghZbKa2rQUW
0.704,0.934,-4.528,121.014,0.494,0.0285,14,1JlczCvmw3K2MizmtDvfp3
0.716,0.695,-5.25,117.966,0.684,0.00643,14,0oUlljswfmHwdNpjHnn8Ii
0.7,0.892,-4.097,128.005,0.667,0.0496,14,3ML92qAQ18YE1OcCMYDy5Z
